prefecture,municipality,location,total_applicants,top_age_group,top_age_ratio,female_ratio,male_ratio,national_license_rate,top_employment_status,top_employment_ratio,avg_qualification_count,latitude,longitude
京都府,京都市伏見区,京都府京都市伏見区,1748,50代,0.284324942791762,0.6407322654462243,0.3592677345537757,0.02688787185354691,就業中,0.6413043478260869,1.715675057208238,34.9327,135.7656
京都府,京都市右京区,京都府京都市右京区,1118,50代,0.2620751341681574,0.6529516994633273,0.3470483005366727,0.03041144901610018,就業中,0.646690518783542,1.661896243291592,35.0152,135.7117
京都府,京都市山科区,京都府京都市山科区,1033,50代,0.2904162633107454,0.6592449177153921,0.34075508228460794,0.04356243949661181,就業中,0.6379477250726041,1.702807357212004,34.9777,135.8172
京都府,京都市西京区,京都府京都市西京区,922,50代,0.28308026030368766,0.6323210412147505,0.3676789587852495,0.04013015184381779,就業中,0.6377440347071583,1.7288503253796095,34.9843,135.6959
京都府,京都市南区,京都府京都市南区,885,50代,0.2598870056497175,0.6418079096045197,0.3581920903954803,0.0327683615819209,就業中,0.6237288135593221,1.8124293785310734,34.9796,135.7478
京都府,宇治市,京都府宇治市,873,50代,0.290950744558992,0.6838487972508591,0.3161512027491409,0.0286368843069874,就業中,0.6643757159221076,1.722794959908362,34.8842,135.7991
京都府,京都市中京区,京都府京都市中京区,818,50代,0.23227383863080683,0.6295843520782396,0.3704156479217604,0.03667481662591687,就業中,0.6308068459657702,1.8508557457212713,35.0063,135.7561
京都府,京都市下京区,京都府京都市下京区,804,50代,0.26243781094527363,0.6256218905472637,0.3743781094527363,0.03731343283582089,就業中,0.6194029850746269,1.9191542288557213,34.9872,135.7575
京都府,京都市上京区,京都府京都市上京区,612,50代,0.238562091503268,0.6045751633986928,0.39542483660130723,0.042483660130718956,就業中,0.5866013071895425,1.8545751633986929,35.0307,135.7489
京都府,京都市左京区,京都府京都市左京区,610,50代,0.2278688524590164,0.6114754098360655,0.3885245901639345,0.047540983606557376,就業中,0.5967213114754099,1.7426229508196722,35.0456,135.783
京都府,京都市北区,京都府京都市北区,595,50代,0.22521008403361345,0.6218487394957983,0.37815126050420167,0.023529411764705882,就業中,0.5915966386554622,1.642016806722689,35.0397,135.7556
京都府,,京都府,500,50代,0.28,0.534,0.46599999999999997,0.044,就業中,0.706,2.182,35.02,135.75
京都府,長岡京市,京都府長岡京市,481,50代,0.2993762993762994,0.6798336798336798,0.3201663201663202,0.04365904365904366,就業中,0.632016632016632,1.9563409563409564,34.9268,135.6959
大阪府,枚方市,大阪府枚方市,432,50代,0.28703703703703703,0.5949074074074074,0.40509259259259256,0.07407407407407407,就業中,0.6944444444444444,2.3912037037037037,34.8141,135.6513
京都府,木津川市,京都府木津川市,418,50代,0.284688995215311,0.6555023923444976,0.3444976076555024,0.0430622009569378,就業中,0.6578947368421053,1.9808612440191387,34.7367,135.82
京都府,八幡市,京都府八幡市,389,50代,0.32904884318766064,0.6169665809768637,0.38303341902313626,0.04884318766066838,就業中,0.6812339331619537,1.93573264781491,34.8733,135.7095
京都府,城陽市,京都府城陽市,379,50代,0.2955145118733509,0.6596306068601583,0.3403693931398417,0.03430079155672823,就業中,0.6886543535620053,1.8997361477572559,34.8524,135.7799
京都府,京都市東山区,京都府京都市東山区,358,50代,0.26536312849162014,0.5921787709497207,0.4078212290502793,0.07541899441340782,就業中,0.6256983240223464,1.958100558659218,34.9963,135.7774
滋賀県,大津市,滋賀県大津市,343,50代,0.2653061224489796,0.565597667638484,0.43440233236151604,0.061224489795918366,就業中,0.6705539358600583,2.2565597667638486,35.0047,135.8686
奈良県,奈良市,奈良県奈良市,327,50代,0.2996941896024465,0.6513761467889908,0.3486238532110092,0.04892966360856269,就業中,0.6850152905198776,2.3486238532110093,34.6851,135.805
京都府,向日市,京都府向日市,327,50代,0.2782874617737003,0.6513761467889908,0.3486238532110092,0.03669724770642202,就業中,0.6574923547400612,2.015290519877676,34.9479,135.6984
京都府,亀岡市,京都府亀岡市,308,40代,0.22402597402597402,0.6590909090909091,0.34090909090909094,0.032467532467532464,就業中,0.6428571428571429,1.4123376623376624,35.0139,135.5739
京都府,京田辺市,京都府京田辺市,302,50代,0.26158940397350994,0.6754966887417219,0.32450331125827814,0.056291390728476824,就業中,0.6589403973509934,1.966887417218543,34.814,135.7691
大阪府,高槻市,大阪府高槻市,237,50代,0.2616033755274262,0.5063291139240507,0.49367088607594933,0.06329113924050633,就業中,0.5864978902953587,2.388185654008439,34.8466,135.6166
京都府,相楽郡精華町,京都府相楽郡精華町,184,40代,0.27717391304347827,0.6739130434782609,0.32608695652173914,0.03260869565217391,就業中,0.6413043478260869,2.108695652173913,34.7605,135.7831
滋賀県,草津市,滋賀県草津市,161,50代,0.30434782608695654,0.5652173913043478,0.4347826086956522,0.06832298136645963,就業中,0.6832298136645962,2.372670807453416,35.0171,135.9591
大阪府,,大阪府,160,30代,0.25,0.44375,0.55625,0.04375,就業中,0.7,2.6125,34.69,135.5
大阪府,大阪市北区,大阪府大阪市北区,159,30代,0.23270440251572327,0.46540880503144655,0.5345911949685535,0.10062893081761007,就業中,0.6226415094339622,2.7358490566037736,34.7024,135.5023
京都府,福知山市,京都府福知山市,153,20代,0.22875816993464052,0.673202614379085,0.326797385620915,0.026143790849673203,就業中,0.5620915032679739,1.3594771241830066,35.2971,135.1253
京都府,舞鶴市,京都府舞鶴市,141,20代,0.24113475177304963,0.7304964539007093,0.2695035460992907,0.028368794326241134,就業中,0.6028368794326241,1.2836879432624113,35.4745,135.3863
大阪府,茨木市,大阪府茨木市,140,50代,0.32857142857142857,0.5,0.5,0.1357142857142857,就業中,0.5857142857142857,2.55,34.8166,135.5683
京都府,南丹市,京都府南丹市,135,60代,0.22962962962962963,0.6370370370370371,0.36296296296296293,0.014814814814814815,就業中,0.5851851851851851,1.5333333333333334,35.1087,135.4687
大阪府,東大阪市,大阪府東大阪市,130,60代,0.24615384615384617,0.5076923076923077,0.49230769230769234,0.08461538461538462,就業中,0.6461538461538462,2.8,34.6794,135.6006
大阪府,寝屋川市,大阪府寝屋川市,129,50代,0.31007751937984496,0.4728682170542636,0.5271317829457365,0.10852713178294573,就業中,0.6511627906976745,2.550387596899225,34.7663,135.6276
大阪府,吹田市,大阪府吹田市,115,40代,0.25217391304347825,0.40869565217391307,0.5913043478260869,0.08695652173913043,就業中,0.5217391304347826,2.7217391304347824,34.7614,135.5155
大阪府,大阪市中央区,大阪府大阪市中央区,111,20代,0.24324324324324326,0.4954954954954955,0.5045045045045045,0.09009009009009009,就業中,0.6486486486486487,2.72972972972973,34.6841,135.5123
大阪府,交野市,大阪府交野市,108,50代,0.3333333333333333,0.5925925925925926,0.40740740740740744,0.07407407407407407,就業中,0.7129629629629629,2.6574074074074074,34.7875,135.6801
大阪府,豊中市,大阪府豊中市,105,40代,0.26666666666666666,0.4666666666666667,0.5333333333333333,0.10476190476190476,就業中,0.580952380952381,2.6,34.7814,135.4693
大阪府,大阪市東淀川区,大阪府大阪市東淀川区,101,50代,0.3069306930693069,0.44554455445544555,0.5544554455445545,0.13861386138613863,就業中,0.504950495049505,2.9405940594059405,34.7291,135.529
京都府,久世郡久御山町,京都府久世郡久御山町,101,50代,0.33663366336633666,0.6633663366336634,0.3366336633663366,0.019801980198019802,就業中,0.7722772277227723,2.0396039603960396,34.8889,135.75
大阪府,大阪市淀川区,大阪府大阪市淀川区,96,40代,0.25,0.3645833333333333,0.6354166666666667,0.11458333333333333,就業中,0.53125,3.0833333333333335,34.7137,135.4808
奈良県,生駒市,奈良県生駒市,93,50代,0.3010752688172043,0.6559139784946236,0.34408602150537637,0.053763440860215055,就業中,0.6344086021505376,2.4946236559139785,34.6915,135.7004
大阪府,守口市,大阪府守口市,90,50代,0.32222222222222224,0.4,0.6,0.07777777777777778,就業中,0.5666666666666667,2.588888888888889,34.7383,135.562
京都府,乙訓郡大山崎町,京都府乙訓郡大山崎町,85,50代,0.3058823529411765,0.7411764705882353,0.2588235294117647,0.023529411764705882,就業中,0.611764705882353,1.8705882352941177,34.8965,135.6846
大阪府,大阪市生野区,大阪府大阪市生野区,80,40代,0.25,0.4,0.6,0.125,就業中,0.625,2.85,34.6619,135.5262
大阪府,大阪市平野区,大阪府大阪市平野区,79,30代,0.25316455696202533,0.46835443037974683,0.5316455696202531,0.17721518987341772,就業中,0.6075949367088608,2.607594936708861,34.6197,135.5543
大阪府,大阪市都島区,大阪府大阪市都島区,78,50代,0.3333333333333333,0.46153846153846156,0.5384615384615384,0.10256410256410256,就業中,0.6282051282051282,2.8076923076923075,34.7036,135.5311
大阪府,大阪市城東区,大阪府大阪市城東区,77,50代,0.2597402597402597,0.4155844155844156,0.5844155844155844,0.06493506493506493,就業中,0.5324675324675324,2.6493506493506493,34.6961,135.5451
滋賀県,守山市,滋賀県守山市,77,50代,0.33766233766233766,0.5454545454545454,0.4545454545454546,0.11688311688311688,就業中,0.6493506493506493,2.6493506493506493,35.0586,135.9935
大阪府,大阪市西成区,大阪府大阪市西成区,75,40代,0.24,0.4266666666666667,0.5733333333333333,0.12,就業中,0.6933333333333334,2.9066666666666667,34.69,135.5
滋賀県,栗東市,滋賀県栗東市,75,40代,0.26666666666666666,0.5866666666666667,0.41333333333333333,0.12,就業中,0.7066666666666667,2.533333333333333,35.0,135.87
大阪府,大阪市浪速区,大阪府大阪市浪速区,75,60代,0.2,0.4666666666666667,0.5333333333333333,0.12,就業中,0.5866666666666667,2.9066666666666667,34.69,135.5
奈良県,大和郡山市,奈良県大和郡山市,75,50代,0.4266666666666667,0.5866666666666667,0.41333333333333333,0.06666666666666667,就業中,0.7066666666666667,2.5866666666666664,34.69,135.83
兵庫県,尼崎市,兵庫県尼崎市,66,30代,0.22727272727272727,0.3484848484848485,0.6515151515151515,0.10606060606060606,就業中,0.5757575757575758,2.4696969696969697,34.69,135.18
大阪府,門真市,大阪府門真市,66,50代,0.2878787878787879,0.4696969696969697,0.5303030303030303,0.07575757575757576,就業中,0.6818181818181818,2.5757575757575757,34.69,135.5
大阪府,大阪市西区,大阪府大阪市西区,62,40代,0.24193548387096775,0.46774193548387094,0.532258064516129,0.11290322580645161,就業中,0.6290322580645161,2.806451612903226,34.69,135.5
大阪府,大阪市住吉区,大阪府大阪市住吉区,59,40代,0.3220338983050847,0.4915254237288136,0.5084745762711864,0.11864406779661017,就業中,0.5932203389830508,2.9322033898305087,34.69,135.5
大阪府,八尾市,大阪府八尾市,59,40代,0.22033898305084745,0.5254237288135594,0.47457627118644063,0.1694915254237288,就業中,0.6779661016949152,2.593220338983051,34.69,135.5
京都府,京丹後市,京都府京丹後市,58,50代,0.3620689655172414,0.7586206896551724,0.24137931034482762,0.017241379310344827,就業中,0.6379310344827587,0.896551724137931,35.02,135.75
大阪府,大阪市天王寺区,大阪府大阪市天王寺区,58,50代,0.2413793103448276,0.5517241379310345,0.4482758620689655,0.10344827586206896,就業中,0.6551724137931034,2.8620689655172415,34.69,135.5
大阪府,大東市,大阪府大東市,57,50代,0.3157894736842105,0.45614035087719296,0.543859649122807,0.12280701754385964,就業中,0.5964912280701754,2.982456140350877,34.69,135.5
大阪府,大阪市西淀川区,大阪府大阪市西淀川区,57,40代,0.24561403508771928,0.45614035087719296,0.543859649122807,0.12280701754385964,就業中,0.5789473684210527,2.7017543859649122,34.69,135.5
兵庫県,西宮市,兵庫県西宮市,56,40代,0.25,0.44642857142857145,0.5535714285714286,0.125,就業中,0.5535714285714286,2.982142857142857,34.69,135.18
大阪府,大阪市旭区,大阪府大阪市旭区,56,30代,0.25,0.3392857142857143,0.6607142857142857,0.07142857142857142,就業中,0.5357142857142857,2.892857142857143,34.69,135.5
滋賀県,,滋賀県,56,40代,0.375,0.4642857142857143,0.5357142857142857,0.05357142857142857,就業中,0.7142857142857143,2.75,35.0,135.87
大阪府,大阪市東成区,大阪府大阪市東成区,55,40代,0.3090909090909091,0.4727272727272727,0.5272727272727273,0.09090909090909091,就業中,0.5818181818181818,2.6545454545454548,34.69,135.5
大阪府,大阪市鶴見区,大阪府大阪市鶴見区,54,50代,0.25925925925925924,0.4074074074074074,0.5925925925925926,0.16666666666666666,就業中,0.6296296296296297,2.759259259259259,34.69,135.5
大阪府,箕面市,大阪府箕面市,53,40代,0.24528301886792453,0.4528301886792453,0.5471698113207547,0.09433962264150944,就業中,0.6226415094339622,2.7169811320754715,34.69,135.5
大阪府,大阪市東住吉区,大阪府大阪市東住吉区,53,40代,0.22641509433962265,0.5471698113207547,0.4528301886792453,0.22641509433962265,就業中,0.5660377358490566,2.4716981132075473,34.69,135.5
大阪府,大阪市阿倍野区,大阪府大阪市阿倍野区,53,50代,0.32075471698113206,0.49056603773584906,0.5094339622641509,0.09433962264150944,就業中,0.6415094339622641,2.830188679245283,34.69,135.5
兵庫県,,兵庫県,52,30代,0.2692307692307692,0.3076923076923077,0.6923076923076923,0.038461538461538464,就業中,0.7307692307692307,2.9038461538461537,34.69,135.18
大阪府,摂津市,大阪府摂津市,52,40代,0.3269230769230769,0.3076923076923077,0.6923076923076923,0.019230769230769232,離職中,0.5,2.6923076923076925,34.69,135.5
大阪府,三島郡島本町,大阪府三島郡島本町,51,50代,0.29411764705882354,0.5882352941176471,0.4117647058823529,0.058823529411764705,就業中,0.5686274509803921,2.4705882352941178,34.69,135.5
大阪府,大阪市福島区,大阪府大阪市福島区,49,30代,0.24489795918367346,0.5714285714285714,0.4285714285714286,0.12244897959183673,就業中,0.6530612244897959,2.7346938775510203,34.69,135.5
奈良県,,奈良県,46,50代,0.32608695652173914,0.4782608695652174,0.5217391304347826,0.043478260869565216,就業中,0.6086956521739131,2.3043478260869565,34.69,135.83
京都府,綾部市,京都府綾部市,44,40代,0.3409090909090909,0.5681818181818182,0.43181818181818177,0.045454545454545456,就業中,0.6818181818181818,1.75,35.02,135.75
大阪府,大阪市住之江区,大阪府大阪市住之江区,42,40代,0.30952380952380953,0.47619047619047616,0.5238095238095238,0.16666666666666666,就業中,0.6190476190476191,2.5952380952380953,34.69,135.5
滋賀県,野洲市,滋賀県野洲市,41,50代,0.2926829268292683,0.5853658536585366,0.41463414634146345,0.14634146341463414,就業中,0.6829268292682927,2.6097560975609757,35.0,135.87
奈良県,天理市,奈良県天理市,38,50代,0.3684210526315789,0.631578947368421,0.368421052631579,0.05263157894736842,就業中,0.6842105263157895,2.6578947368421053,34.69,135.83
京都府,与謝郡与謝野町,京都府与謝郡与謝野町,38,50代,0.34210526315789475,0.6578947368421053,0.3421052631578947,0.0,就業中,0.5263157894736842,1.263157894736842,35.02,135.75
奈良県,橿原市,奈良県橿原市,38,50代,0.2631578947368421,0.6052631578947368,0.39473684210526316,0.05263157894736842,就業中,0.7105263157894737,2.763157894736842,34.69,135.83
大阪府,堺市北区,大阪府堺市北区,37,30代,0.24324324324324326,0.4594594594594595,0.5405405405405406,0.1891891891891892,就業中,0.5675675675675675,2.5405405405405403,34.69,135.5
京都府,綴喜郡宇治田原町,京都府綴喜郡宇治田原町,35,40代,0.37142857142857144,0.5428571428571428,0.4571428571428572,0.08571428571428572,就業中,0.6,1.8285714285714285,35.02,135.75
兵庫県,宝塚市,兵庫県宝塚市,35,30代,0.2571428571428571,0.4857142857142857,0.5142857142857142,0.08571428571428572,就業中,0.6,2.2285714285714286,34.69,135.18
京都府,綴喜郡井手町,京都府綴喜郡井手町,34,50代,0.35294117647058826,0.7058823529411765,0.2941176470588235,0.029411764705882353,離職中,0.5294117647058824,2.0294117647058822,35.02,135.75
滋賀県,彦根市,滋賀県彦根市,33,40代,0.24242424242424243,0.5454545454545454,0.4545454545454546,0.09090909090909091,就業中,0.6363636363636364,1.9393939393939394,35.0,135.87
京都府,宮津市,京都府宮津市,33,50代,0.3333333333333333,0.6060606060606061,0.3939393939393939,0.0,就業中,0.6666666666666666,1.5757575757575757,35.02,135.75
大阪府,池田市,大阪府池田市,33,40代,0.2727272727272727,0.3939393939393939,0.6060606060606061,0.12121212121212122,就業中,0.6060606060606061,3.1515151515151514,34.69,135.5
大阪府,大阪市此花区,大阪府大阪市此花区,32,50代,0.34375,0.46875,0.53125,0.15625,就業中,0.65625,3.0,34.69,135.5
大阪府,大阪市港区,大阪府大阪市港区,32,40代,0.28125,0.46875,0.53125,0.15625,就業中,0.46875,3.03125,34.69,135.5
大阪府,堺市堺区,大阪府堺市堺区,31,40代,0.2903225806451613,0.45161290322580644,0.5483870967741935,0.16129032258064516,就業中,0.6129032258064516,3.0,34.69,135.5
兵庫県,神戸市中央区,兵庫県神戸市中央区,30,40代,0.3,0.4666666666666667,0.5333333333333333,0.06666666666666667,就業中,0.5333333333333333,2.5,34.69,135.18
東京都,渋谷区,東京都渋谷区,30,30代,0.26666666666666666,0.36666666666666664,0.6333333333333333,0.16666666666666666,就業中,0.6,2.966666666666667,35.69,139.69
兵庫県,神戸市灘区,兵庫県神戸市灘区,30,40代,0.3,0.5,0.5,0.16666666666666666,離職中,0.5,2.3333333333333335,34.69,135.18
兵庫県,伊丹市,兵庫県伊丹市,30,60代,0.26666666666666666,0.36666666666666664,0.6333333333333333,0.13333333333333333,就業中,0.5,2.966666666666667,34.69,135.18
大阪府,四條畷市,大阪府四條畷市,29,50代,0.41379310344827586,0.5862068965517241,0.4137931034482759,0.034482758620689655,就業中,0.7241379310344828,2.896551724137931,34.69,135.5
大阪府,堺市中区,大阪府堺市中区,29,40代,0.27586206896551724,0.4827586206896552,0.5172413793103448,0.06896551724137931,就業中,0.4827586206896552,2.5172413793103448,34.69,135.5
大阪府,大阪市大正区,大阪府大阪市大正区,28,60代,0.25,0.4642857142857143,0.5357142857142857,0.07142857142857142,就業中,0.5357142857142857,2.357142857142857,34.69,135.5
京都府,船井郡京丹波町,京都府船井郡京丹波町,26,40代,0.23076923076923078,0.6538461538461539,0.34615384615384615,0.0,就業中,0.5769230769230769,1.1923076923076923,35.02,135.75
東京都,大田区,東京都大田区,26,30代,0.23076923076923078,0.5769230769230769,0.42307692307692313,0.15384615384615385,就業中,0.6538461538461539,2.6923076923076925,35.69,139.69
東京都,世田谷区,東京都世田谷区,26,30代,0.3076923076923077,0.4230769230769231,0.5769230769230769,0.15384615384615385,就業中,0.6538461538461539,3.1538461538461537,35.69,139.69
東京都,,東京都,26,30代,0.2692307692307692,0.38461538461538464,0.6153846153846154,0.038461538461538464,就業中,0.6153846153846154,2.3846153846153846,35.69,139.69
兵庫県,神戸市北区,兵庫県神戸市北区,25,30代,0.28,0.32,0.6799999999999999,0.08,就業中,0.6,2.6,34.69,135.18
兵庫県,芦屋市,兵庫県芦屋市,25,40代,0.28,0.44,0.56,0.0,就業中,0.6,2.68,34.69,135.18
兵庫県,川西市,兵庫県川西市,25,60代,0.36,0.4,0.6,0.08,就業中,0.6,2.6,34.69,135.18
兵庫県,神戸市東灘区,兵庫県神戸市東灘区,25,30代,0.32,0.36,0.64,0.08,就業中,0.56,3.12,34.69,135.18
大阪府,堺市南区,大阪府堺市南区,24,40代,0.3333333333333333,0.625,0.375,0.08333333333333333,就業中,0.5,2.3333333333333335,34.69,135.5
東京都,練馬区,東京都練馬区,24,30代,0.375,0.5416666666666666,0.45833333333333337,0.08333333333333333,就業中,0.6666666666666666,2.5833333333333335,35.69,139.69
東京都,杉並区,東京都杉並区,24,30代,0.2916666666666667,0.4166666666666667,0.5833333333333333,0.125,就業中,0.625,3.1666666666666665,35.69,139.69
大阪府,羽曳野市,大阪府羽曳野市,24,40代,0.25,0.5,0.5,0.08333333333333333,就業中,0.625,2.9166666666666665,34.69,135.5
東京都,港区,東京都港区,24,30代,0.25,0.5,0.5,0.25,就業中,0.625,3.0833333333333335,35.69,139.69
東京都,文京区,東京都文京区,23,60代,0.2608695652173913,0.4782608695652174,0.5217391304347826,0.043478260869565216,就業中,0.6521739130434783,2.782608695652174,35.69,139.69
大阪府,堺市西区,大阪府堺市西区,23,50代,0.2608695652173913,0.43478260869565216,0.5652173913043479,0.13043478260869565,就業中,0.5652173913043478,2.217391304347826,34.69,135.5
滋賀県,湖南市,滋賀県湖南市,22,50代,0.2727272727272727,0.6363636363636364,0.36363636363636365,0.09090909090909091,就業中,0.6818181818181818,2.409090909090909,35.0,135.87
福井県,大飯郡高浜町,福井県大飯郡高浜町,22,40代,0.36363636363636365,0.7727272727272727,0.2272727272727273,0.0,就業中,0.5909090909090909,2.409090909090909,36.07,136.22
神奈川県,横浜市港北区,神奈川県横浜市港北区,22,30代,0.4090909090909091,0.5,0.5,0.13636363636363635,就業中,0.5909090909090909,3.0454545454545454,35.45,139.64
大阪府,和泉市,大阪府和泉市,22,40代,0.2727272727272727,0.45454545454545453,0.5454545454545454,0.045454545454545456,就業中,0.5909090909090909,2.8181818181818183,34.69,135.5
神奈川県,横浜市青葉区,神奈川県横浜市青葉区,22,30代,0.2727272727272727,0.45454545454545453,0.5454545454545454,0.09090909090909091,就業中,0.6818181818181818,2.4545454545454546,35.45,139.64
東京都,新宿区,東京都新宿区,22,30代,0.22727272727272727,0.4090909090909091,0.5909090909090908,0.09090909090909091,就業中,0.5909090909090909,2.9545454545454546,35.69,139.69
大阪府,藤井寺市,大阪府藤井寺市,22,60代,0.22727272727272727,0.6818181818181818,0.31818181818181823,0.18181818181818182,離職中,0.5,2.8636363636363638,34.69,135.5
東京都,板橋区,東京都板橋区,22,30代,0.2727272727272727,0.36363636363636365,0.6363636363636364,0.045454545454545456,就業中,0.6818181818181818,3.1818181818181817,35.69,139.69
東京都,品川区,東京都品川区,21,30代,0.3333333333333333,0.5238095238095238,0.47619047619047616,0.14285714285714285,就業中,0.5238095238095238,2.7142857142857144,35.69,139.69
奈良県,磯城郡田原本町,奈良県磯城郡田原本町,21,60代,0.23809523809523808,0.5714285714285714,0.4285714285714286,0.047619047619047616,就業中,0.6666666666666666,3.0,34.69,135.83
大阪府,岸和田市,大阪府岸和田市,21,40代,0.23809523809523808,0.47619047619047616,0.5238095238095238,0.19047619047619047,就業中,0.7619047619047619,3.0476190476190474,34.69,135.5
大阪府,松原市,大阪府松原市,21,60代,0.3333333333333333,0.42857142857142855,0.5714285714285714,0.19047619047619047,就業中,0.6666666666666666,3.238095238095238,34.69,135.5
神奈川県,,神奈川県,20,30代,0.3,0.3,0.7,0.0,就業中,0.65,2.6,35.45,139.64
神奈川県,横浜市南区,神奈川県横浜市南区,20,30代,0.3,0.45,0.55,0.1,就業中,0.7,3.3,35.45,139.64
奈良県,生駒郡三郷町,奈良県生駒郡三郷町,20,50代,0.45,0.45,0.55,0.1,就業中,0.65,2.85,34.69,135.83
滋賀県,甲賀市,滋賀県甲賀市,20,60代,0.3,0.55,0.44999999999999996,0.15,就業中,0.5,1.8,35.0,135.87
千葉県,船橋市,千葉県船橋市,20,30代,0.25,0.35,0.65,0.05,就業中,0.7,3.9,35.61,140.11
滋賀県,近江八幡市,滋賀県近江八幡市,19,40代,0.3684210526315789,0.42105263157894735,0.5789473684210527,0.10526315789473684,就業中,0.7368421052631579,2.736842105263158,35.0,135.87
奈良県,北葛城郡王寺町,奈良県北葛城郡王寺町,19,50代,0.21052631578947367,0.47368421052631576,0.5263157894736843,0.15789473684210525,就業中,0.8421052631578947,2.789473684210526,34.69,135.83
神奈川県,横浜市緑区,神奈川県横浜市緑区,19,60代,0.3157894736842105,0.47368421052631576,0.5263157894736843,0.05263157894736842,就業中,0.47368421052631576,2.9473684210526314,35.45,139.64
兵庫県,丹波市,兵庫県丹波市,19,20代,0.3684210526315789,0.7368421052631579,0.26315789473684215,0.0,就業中,0.5789473684210527,2.4210526315789473,34.69,135.18
埼玉県,川口市,埼玉県川口市,19,30代,0.3157894736842105,0.2631578947368421,0.736842105263158,0.10526315789473684,就業中,0.5789473684210527,3.1052631578947367,35.86,139.65
愛知県,,愛知県,19,40代,0.3157894736842105,0.3157894736842105,0.6842105263157895,0.0,就業中,0.8421052631578947,3.0526315789473686,35.18,136.91
千葉県,柏市,千葉県柏市,18,50代,0.2777777777777778,0.5555555555555556,0.4444444444444444,0.1111111111111111,就業中,0.5,2.7777777777777777,35.61,140.11
奈良県,香芝市,奈良県香芝市,18,60代,0.2222222222222222,0.4444444444444444,0.5555555555555556,0.1111111111111111,就業中,0.6666666666666666,3.1666666666666665,34.69,135.83
東京都,足立区,東京都足立区,18,30代,0.2777777777777778,0.5,0.5,0.2222222222222222,就業中,0.6111111111111112,2.9444444444444446,35.69,139.69
東京都,町田市,東京都町田市,18,30代,0.2777777777777778,0.4444444444444444,0.5555555555555556,0.16666666666666666,就業中,0.6111111111111112,2.388888888888889,35.69,139.69
神奈川県,川崎市川崎区,神奈川県川崎市川崎区,18,30代,0.2777777777777778,0.3333333333333333,0.6666666666666667,0.1111111111111111,就業中,0.7222222222222222,3.2222222222222223,35.45,139.64
東京都,目黒区,東京都目黒区,18,30代,0.3888888888888889,0.5,0.5,0.1111111111111111,就業中,0.6666666666666666,2.6666666666666665,35.69,139.69
神奈川県,藤沢市,神奈川県藤沢市,18,20代,0.2777777777777778,0.4444444444444444,0.5555555555555556,0.1111111111111111,就業中,0.5555555555555556,3.0555555555555554,35.45,139.64
大阪府,富田林市,大阪府富田林市,17,50代,0.4117647058823529,0.47058823529411764,0.5294117647058824,0.17647058823529413,就業中,0.5882352941176471,3.1176470588235294,34.69,135.5
奈良県,生駒郡平群町,奈良県生駒郡平群町,17,60代,0.4117647058823529,0.5294117647058824,0.47058823529411764,0.058823529411764705,就業中,0.5882352941176471,2.9411764705882355,34.69,135.83
兵庫県,明石市,兵庫県明石市,17,30代,0.23529411764705882,0.4117647058823529,0.5882352941176471,0.23529411764705882,就業中,0.47058823529411764,2.4705882352941178,34.69,135.18
兵庫県,神戸市西区,兵庫県神戸市西区,17,50代,0.23529411764705882,0.47058823529411764,0.5294117647058824,0.17647058823529413,離職中,0.6470588235294118,3.176470588235294,34.69,135.18
東京都,千代田区,東京都千代田区,17,30代,0.29411764705882354,0.29411764705882354,0.7058823529411764,0.058823529411764705,就業中,0.7647058823529411,3.176470588235294,35.69,139.69
兵庫県,姫路市,兵庫県姫路市,17,20代,0.4117647058823529,0.5882352941176471,0.4117647058823529,0.23529411764705882,就業中,0.5882352941176471,3.0588235294117645,34.69,135.18
神奈川県,横浜市中区,神奈川県横浜市中区,17,30代,0.35294117647058826,0.5882352941176471,0.4117647058823529,0.058823529411764705,就業中,0.6470588235294118,3.1176470588235294,35.45,139.64
滋賀県,長浜市,滋賀県長浜市,17,30代,0.35294117647058826,0.47058823529411764,0.5294117647058824,0.11764705882352941,就業中,0.6470588235294118,1.5294117647058822,35.0,135.87
東京都,江戸川区,東京都江戸川区,17,60代,0.29411764705882354,0.35294117647058826,0.6470588235294117,0.058823529411764705,就業中,0.6470588235294118,3.411764705882353,35.69,139.69
奈良県,生駒郡斑鳩町,奈良県生駒郡斑鳩町,17,40代,0.4117647058823529,0.5882352941176471,0.4117647058823529,0.17647058823529413,就業中,0.7058823529411765,2.8823529411764706,34.69,135.83
神奈川県,鎌倉市,神奈川県鎌倉市,17,30代,0.23529411764705882,0.47058823529411764,0.5294117647058824,0.17647058823529413,就業中,0.47058823529411764,2.8823529411764706,35.45,139.64
東京都,江東区,東京都江東区,17,30代,0.4117647058823529,0.47058823529411764,0.5294117647058824,0.17647058823529413,就業中,0.5882352941176471,2.764705882352941,35.69,139.69
兵庫県,丹波篠山市,兵庫県丹波篠山市,16,50代,0.25,0.4375,0.5625,0.0,就業中,0.625,2.25,34.69,135.18
千葉県,市川市,千葉県市川市,16,30代,0.25,0.4375,0.5625,0.0625,就業中,0.5625,3.375,35.61,140.11
兵庫県,神戸市垂水区,兵庫県神戸市垂水区,16,30代,0.25,0.4375,0.5625,0.125,就業中,0.5,2.5,34.69,135.18
愛知県,名古屋市中村区,愛知県名古屋市中村区,16,30代,0.4375,0.375,0.625,0.125,就業中,0.5625,2.8125,35.18,136.91
神奈川県,川崎市宮前区,神奈川県川崎市宮前区,16,30代,0.25,0.5,0.5,0.125,就業中,0.6875,2.875,35.45,139.64
滋賀県,東近江市,滋賀県東近江市,16,20代,0.3125,0.5625,0.4375,0.1875,就業中,0.625,1.4375,35.0,135.87
大阪府,堺市東区,大阪府堺市東区,16,30代,0.3125,0.625,0.375,0.0625,離職中,0.625,2.5625,34.69,135.5
岐阜県,岐阜市,岐阜県岐阜市,15,60代,0.3333333333333333,0.3333333333333333,0.6666666666666667,0.2,就業中,0.6,3.0,35.39,136.72
神奈川県,横浜市戸塚区,神奈川県横浜市戸塚区,15,30代,0.26666666666666666,0.5333333333333333,0.4666666666666667,0.06666666666666667,就業中,0.6666666666666666,3.066666666666667,35.45,139.64
愛知県,名古屋市緑区,愛知県名古屋市緑区,15,30代,0.4666666666666667,0.4666666666666667,0.5333333333333333,0.2,就業中,0.6666666666666666,2.933333333333333,35.18,136.91
奈良県,大和高田市,奈良県大和高田市,15,30代,0.3333333333333333,0.4666666666666667,0.5333333333333333,0.06666666666666667,就業中,0.6666666666666666,3.2,34.69,135.83
兵庫県,三田市,兵庫県三田市,15,50代,0.4,0.4666666666666667,0.5333333333333333,0.06666666666666667,離職中,0.5333333333333333,2.6,34.69,135.18
千葉県,千葉市中央区,千葉県千葉市中央区,15,30代,0.26666666666666666,0.3333333333333333,0.6666666666666667,0.06666666666666667,就業中,0.8666666666666667,2.8666666666666667,35.61,140.11
愛知県,名古屋市千種区,愛知県名古屋市千種区,15,30代,0.3333333333333333,0.4,0.6,0.13333333333333333,就業中,0.8,4.0,35.18,136.91
兵庫県,神戸市兵庫区,兵庫県神戸市兵庫区,15,30代,0.26666666666666666,0.4666666666666667,0.5333333333333333,0.06666666666666667,離職中,0.4666666666666667,2.7333333333333334,34.69,135.18
東京都,北区,東京都北区,15,30代,0.26666666666666666,0.3333333333333333,0.6666666666666667,0.0,就業中,0.8,3.1333333333333333,35.69,139.69
神奈川県,横浜市都筑区,神奈川県横浜市都筑区,15,30代,0.26666666666666666,0.3333333333333333,0.6666666666666667,0.06666666666666667,就業中,0.6666666666666666,3.6,35.45,139.64
千葉県,松戸市,千葉県松戸市,15,40代,0.26666666666666666,0.26666666666666666,0.7333333333333334,0.0,就業中,0.7333333333333333,3.466666666666667,35.61,140.11
神奈川県,大和市,神奈川県大和市,14,30代,0.21428571428571427,0.42857142857142855,0.5714285714285714,0.14285714285714285,離職中,0.5,2.9285714285714284,35.45,139.64
東京都,台東区,東京都台東区,14,60代,0.2857142857142857,0.5,0.5,0.14285714285714285,就業中,0.7142857142857143,3.0,35.69,139.69
東京都,中央区,東京都中央区,14,40代,0.35714285714285715,0.42857142857142855,0.5714285714285714,0.0,就業中,0.7142857142857143,3.357142857142857,35.69,139.69
東京都,八王子市,東京都八王子市,14,30代,0.2857142857142857,0.42857142857142855,0.5714285714285714,0.07142857142857142,就業中,0.6428571428571429,2.2857142857142856,35.69,139.69
神奈川県,横浜市鶴見区,神奈川県横浜市鶴見区,14,30代,0.2857142857142857,0.5,0.5,0.14285714285714285,就業中,0.6428571428571429,2.857142857142857,35.45,139.64
東京都,豊島区,東京都豊島区,14,30代,0.35714285714285715,0.5714285714285714,0.4285714285714286,0.21428571428571427,就業中,0.7857142857142857,2.642857142857143,35.69,139.69
愛知県,名古屋市天白区,愛知県名古屋市天白区,14,30代,0.42857142857142855,0.42857142857142855,0.5714285714285714,0.14285714285714285,就業中,0.6428571428571429,3.0,35.18,136.91
埼玉県,越谷市,埼玉県越谷市,14,30代,0.35714285714285715,0.35714285714285715,0.6428571428571428,0.07142857142857142,就業中,0.8571428571428571,3.142857142857143,35.86,139.65
東京都,葛飾区,東京都葛飾区,14,30代,0.2857142857142857,0.35714285714285715,0.6428571428571428,0.07142857142857142,就業中,0.8571428571428571,3.0,35.69,139.69
神奈川県,茅ヶ崎市,神奈川県茅ヶ崎市,14,40代,0.21428571428571427,0.2857142857142857,0.7142857142857143,0.07142857142857142,就業中,0.6428571428571429,4.071428571428571,35.45,139.64
和歌山県,和歌山市,和歌山県和歌山市,14,30代,0.35714285714285715,0.5714285714285714,0.4285714285714286,0.14285714285714285,就業中,0.7142857142857143,3.5714285714285716,34.23,135.17
千葉県,流山市,千葉県流山市,14,20代,0.21428571428571427,0.35714285714285715,0.6428571428571428,0.07142857142857142,就業中,0.7857142857142857,4.285714285714286,35.61,140.11
兵庫県,神戸市長田区,兵庫県神戸市長田区,14,30代,0.2857142857142857,0.42857142857142855,0.5714285714285714,0.14285714285714285,就業中,0.5,2.7142857142857144,34.69,135.18
兵庫県,加古川市,兵庫県加古川市,14,50代,0.21428571428571427,0.42857142857142855,0.5714285714285714,0.07142857142857142,就業中,0.7142857142857143,2.4285714285714284,34.69,135.18
東京都,中野区,東京都中野区,13,30代,0.23076923076923078,0.5384615384615384,0.46153846153846156,0.07692307692307693,就業中,0.6923076923076923,2.5384615384615383,35.69,139.69
千葉県,習志野市,千葉県習志野市,13,30代,0.3076923076923077,0.46153846153846156,0.5384615384615384,0.23076923076923078,就業中,0.6923076923076923,2.923076923076923,35.61,140.11
神奈川県,相模原市南区,神奈川県相模原市南区,13,40代,0.38461538461538464,0.46153846153846156,0.5384615384615384,0.07692307692307693,就業中,0.5384615384615384,2.8461538461538463,35.45,139.64
大阪府,泉佐野市,大阪府泉佐野市,13,40代,0.3076923076923077,0.5384615384615384,0.46153846153846156,0.15384615384615385,就業中,0.6923076923076923,3.3846153846153846,34.69,135.5
愛知県,名古屋市中区,愛知県名古屋市中区,13,30代,0.38461538461538464,0.5384615384615384,0.46153846153846156,0.23076923076923078,就業中,0.8461538461538461,3.3076923076923075,35.18,136.91
神奈川県,横須賀市,神奈川県横須賀市,13,60代,0.23076923076923078,0.38461538461538464,0.6153846153846154,0.15384615384615385,就業中,0.5384615384615384,3.1538461538461537,35.45,139.64
福岡県,福岡市早良区,福岡県福岡市早良区,12,20代,0.25,0.3333333333333333,0.6666666666666667,0.16666666666666666,離職中,0.5,1.6666666666666667,33.61,130.42
神奈川県,川崎市多摩区,神奈川県川崎市多摩区,12,30代,0.25,0.4166666666666667,0.5833333333333333,0.16666666666666666,就業中,0.75,3.4166666666666665,35.45,139.64
大阪府,高石市,大阪府高石市,12,70歳以上,0.25,0.4166666666666667,0.5833333333333333,0.08333333333333333,離職中,0.5833333333333334,3.0833333333333335,34.69,135.5
千葉県,市原市,千葉県市原市,12,60代,0.3333333333333333,0.5833333333333334,0.41666666666666663,0.16666666666666666,就業中,0.75,3.0,35.61,140.11
愛知県,名古屋市守山区,愛知県名古屋市守山区,12,30代,0.3333333333333333,0.5833333333333334,0.41666666666666663,0.25,就業中,0.6666666666666666,3.25,35.18,136.91
兵庫県,神戸市須磨区,兵庫県神戸市須磨区,12,50代,0.25,0.3333333333333333,0.6666666666666667,0.0,離職中,0.5833333333333334,2.25,34.69,135.18
神奈川県,横浜市神奈川区,神奈川県横浜市神奈川区,12,30代,0.4166666666666667,0.5,0.5,0.25,就業中,0.75,3.5833333333333335,35.45,139.64
埼玉県,春日部市,埼玉県春日部市,12,60代,0.25,0.3333333333333333,0.6666666666666667,0.08333333333333333,就業中,0.5833333333333334,5.25,35.86,139.65
神奈川県,川崎市中原区,神奈川県川崎市中原区,12,30代,0.3333333333333333,0.5833333333333334,0.41666666666666663,0.25,就業中,0.75,3.1666666666666665,35.45,139.64
埼玉県,,埼玉県,12,40代,0.3333333333333333,0.4166666666666667,0.5833333333333333,0.0,就業中,0.5833333333333334,3.5,35.86,139.65
神奈川県,横浜市西区,神奈川県横浜市西区,12,30代,0.3333333333333333,0.4166666666666667,0.5833333333333333,0.08333333333333333,就業中,0.75,3.25,35.45,139.64
大阪府,河内長野市,大阪府河内長野市,12,50代,0.3333333333333333,0.3333333333333333,0.6666666666666667,0.0,就業中,0.5,2.75,34.69,135.5
東京都,荒川区,東京都荒川区,12,30代,0.4166666666666667,0.5833333333333334,0.41666666666666663,0.08333333333333333,就業中,0.6666666666666666,2.9166666666666665,35.69,139.69
大阪府,柏原市,大阪府柏原市,12,20代,0.25,0.5833333333333334,0.41666666666666663,0.25,離職中,0.5,2.9166666666666665,34.69,135.5
東京都,三鷹市,東京都三鷹市,12,30代,0.5,0.5,0.5,0.16666666666666666,就業中,0.9166666666666666,2.6666666666666665,35.69,139.69
埼玉県,新座市,埼玉県新座市,11,60代,0.2727272727272727,0.2727272727272727,0.7272727272727273,0.0,就業中,0.6363636363636364,3.1818181818181817,35.86,139.65
東京都,調布市,東京都調布市,11,40代,0.2727272727272727,0.36363636363636365,0.6363636363636364,0.18181818181818182,就業中,0.6363636363636364,2.909090909090909,35.69,139.69
奈良県,御所市,奈良県御所市,11,50代,0.2727272727272727,0.36363636363636365,0.6363636363636364,0.09090909090909091,就業中,0.5454545454545454,3.090909090909091,34.69,135.83
大阪府,泉大津市,大阪府泉大津市,11,60代,0.45454545454545453,0.36363636363636365,0.6363636363636364,0.18181818181818182,就業中,0.6363636363636364,3.4545454545454546,34.69,135.5
東京都,墨田区,東京都墨田区,11,30代,0.36363636363636365,0.45454545454545453,0.5454545454545454,0.18181818181818182,就業中,0.8181818181818182,3.1818181818181817,35.69,139.69
神奈川県,川崎市幸区,神奈川県川崎市幸区,11,30代,0.36363636363636365,0.36363636363636365,0.6363636363636364,0.09090909090909091,就業中,0.7272727272727273,3.1818181818181817,35.45,139.64
東京都,多摩市,東京都多摩市,11,30代,0.36363636363636365,0.5454545454545454,0.4545454545454546,0.09090909090909091,就業中,0.7272727272727273,2.909090909090909,35.69,139.69
埼玉県,所沢市,埼玉県所沢市,11,60代,0.2727272727272727,0.36363636363636365,0.6363636363636364,0.0,就業中,0.6363636363636364,3.3636363636363638,35.86,139.65
埼玉県,さいたま市緑区,埼玉県さいたま市緑区,11,60代,0.36363636363636365,0.2727272727272727,0.7272727272727273,0.0,就業中,0.7272727272727273,3.6363636363636362,35.86,139.65
埼玉県,さいたま市北区,埼玉県さいたま市北区,11,60代,0.2727272727272727,0.36363636363636365,0.6363636363636364,0.0,就業中,0.9090909090909091,4.181818181818182,35.86,139.65
神奈川県,横浜市保土ケ谷区,神奈川県横浜市保土ケ谷区,11,30代,0.2727272727272727,0.5454545454545454,0.4545454545454546,0.18181818181818182,就業中,0.7272727272727273,3.272727272727273,35.45,139.64
奈良県,桜井市,奈良県桜井市,11,60代,0.2727272727272727,0.6363636363636364,0.36363636363636365,0.18181818181818182,就業中,0.6363636363636364,2.272727272727273,34.69,135.83
埼玉県,川越市,埼玉県川越市,11,60代,0.36363636363636365,0.2727272727272727,0.7272727272727273,0.0,就業中,0.8181818181818182,3.8181818181818183,35.86,139.65
千葉県,,千葉県,11,40代,0.5454545454545454,0.45454545454545453,0.5454545454545454,0.0,就業中,0.5454545454545454,2.8181818181818183,35.61,140.11
埼玉県,さいたま市大宮区,埼玉県さいたま市大宮区,11,60代,0.45454545454545453,0.36363636363636365,0.6363636363636364,0.0,就業中,0.7272727272727273,3.4545454545454546,35.86,139.65
神奈川県,相模原市中央区,神奈川県相模原市中央区,11,40代,0.2727272727272727,0.36363636363636365,0.6363636363636364,0.09090909090909091,就業中,0.6363636363636364,3.727272727272727,35.45,139.64
福岡県,福岡市東区,福岡県福岡市東区,11,30代,0.2727272727272727,0.5454545454545454,0.4545454545454546,0.18181818181818182,就業中,0.5454545454545454,2.4545454545454546,33.61,130.42
福岡県,福岡市南区,福岡県福岡市南区,11,30代,0.2727272727272727,0.45454545454545453,0.5454545454545454,0.18181818181818182,就業中,0.5454545454545454,2.5454545454545454,33.61,130.42
埼玉県,さいたま市西区,埼玉県さいたま市西区,11,30代,0.36363636363636365,0.2727272727272727,0.7272727272727273,0.0,就業中,0.6363636363636364,3.0,35.86,139.65
大阪府,大阪狭山市,大阪府大阪狭山市,11,50代,0.36363636363636365,0.5454545454545454,0.4545454545454546,0.09090909090909091,離職中,0.6363636363636364,2.5454545454545454,34.69,135.5
愛知県,名古屋市名東区,愛知県名古屋市名東区,10,30代,0.4,0.4,0.6,0.2,就業中,0.6,5.1,35.18,136.91
東京都,西東京市,東京都西東京市,10,30代,0.3,0.5,0.5,0.1,就業中,0.8,4.0,35.69,139.69
福岡県,福岡市博多区,福岡県福岡市博多区,10,30代,0.4,0.6,0.4,0.2,就業中,0.6,2.5,33.61,130.42
東京都,府中市,東京都府中市,10,30代,0.3,0.4,0.6,0.0,就業中,0.5,2.0,35.69,139.69
奈良県,葛城市,奈良県葛城市,10,60代,0.3,0.4,0.6,0.1,就業中,0.6,3.4,34.69,135.83
兵庫県,豊岡市,兵庫県豊岡市,10,20代,0.6,0.9,0.09999999999999998,0.0,就業中,0.5,1.7,34.69,135.18
埼玉県,狭山市,埼玉県狭山市,10,60代,0.4,0.3,0.7,0.1,就業中,0.9,4.1,35.86,139.65
福岡県,,福岡県,10,40代,0.4,0.4,0.6,0.0,就業中,0.7,2.7,33.61,130.42
神奈川県,平塚市,神奈川県平塚市,10,30代,0.3,0.4,0.6,0.2,就業中,0.7,3.6,35.45,139.64
大阪府,貝塚市,大阪府貝塚市,10,30代,0.4,0.3,0.7,0.2,就業中,0.5,3.5,34.69,135.5
愛知県,名古屋市瑞穂区,愛知県名古屋市瑞穂区,10,30代,0.5,0.3,0.7,0.1,就業中,0.6,2.8,35.18,136.91
愛知県,名古屋市港区,愛知県名古屋市港区,10,30代,0.5,0.6,0.4,0.1,就業中,0.6,2.6,35.18,136.91
埼玉県,さいたま市南区,埼玉県さいたま市南区,10,60代,0.3,0.4,0.6,0.1,就業中,0.6,4.2,35.86,139.65
神奈川県,横浜市旭区,神奈川県横浜市旭区,10,50代,0.3,0.4,0.6,0.1,就業中,0.5,2.1,35.45,139.64
福岡県,福岡市中央区,福岡県福岡市中央区,10,20代,0.3,0.4,0.6,0.2,就業中,0.6,2.2,33.61,130.42
千葉県,千葉市稲毛区,千葉県千葉市稲毛区,10,30代,0.2,0.5,0.5,0.1,就業中,0.7,3.2,35.61,140.11
三重県,津市,三重県津市,9,30代,0.3333333333333333,0.6666666666666666,0.33333333333333337,0.1111111111111111,就業中,0.6666666666666666,2.5555555555555554,34.73,136.51
愛知県,名古屋市南区,愛知県名古屋市南区,9,30代,0.3333333333333333,0.5555555555555556,0.4444444444444444,0.2222222222222222,就業中,0.7777777777777778,2.7777777777777777,35.18,136.91
広島県,広島市中区,広島県広島市中区,9,30代,0.3333333333333333,0.3333333333333333,0.6666666666666667,0.0,離職中,0.5555555555555556,2.0,34.4,132.46
埼玉県,朝霞市,埼玉県朝霞市,9,30代,0.3333333333333333,0.3333333333333333,0.6666666666666667,0.0,就業中,0.7777777777777778,3.0,35.86,139.65
千葉県,佐倉市,千葉県佐倉市,9,60代,0.4444444444444444,0.4444444444444444,0.5555555555555556,0.0,就業中,0.6666666666666666,2.888888888888889,35.61,140.11
愛知県,名古屋市西区,愛知県名古屋市西区,9,30代,0.4444444444444444,0.4444444444444444,0.5555555555555556,0.1111111111111111,就業中,0.6666666666666666,3.0,35.18,136.91
滋賀県,高島市,滋賀県高島市,9,70歳以上,0.2222222222222222,0.4444444444444444,0.5555555555555556,0.3333333333333333,就業中,0.7777777777777778,3.3333333333333335,35.0,135.87
京都府,相楽郡南山城村,京都府相楽郡南山城村,9,40代,0.3333333333333333,0.6666666666666666,0.33333333333333337,0.1111111111111111,就業中,0.5555555555555556,0.8888888888888888,35.02,135.75
愛知県,名古屋市中川区,愛知県名古屋市中川区,9,30代,0.4444444444444444,0.5555555555555556,0.4444444444444444,0.1111111111111111,就業中,0.5555555555555556,2.6666666666666665,35.18,136.91
埼玉県,和光市,埼玉県和光市,9,30代,0.3333333333333333,0.4444444444444444,0.5555555555555556,0.0,就業中,0.8888888888888888,2.2222222222222223,35.86,139.65
埼玉県,さいたま市岩槻区,埼玉県さいたま市岩槻区,9,60代,0.3333333333333333,0.3333333333333333,0.6666666666666667,0.0,就業中,0.6666666666666666,3.888888888888889,35.86,139.65
埼玉県,草加市,埼玉県草加市,9,30代,0.4444444444444444,0.4444444444444444,0.5555555555555556,0.0,就業中,1.0,4.0,35.86,139.65
千葉県,千葉市緑区,千葉県千葉市緑区,9,30代,0.3333333333333333,0.5555555555555556,0.4444444444444444,0.0,就業中,0.7777777777777778,2.4444444444444446,35.61,140.11
兵庫県,川辺郡猪名川町,兵庫県川辺郡猪名川町,9,40代,0.3333333333333333,0.5555555555555556,0.4444444444444444,0.2222222222222222,就業中,0.4444444444444444,1.7777777777777777,34.69,135.18
埼玉県,三郷市,埼玉県三郷市,9,30代,0.3333333333333333,0.5555555555555556,0.4444444444444444,0.1111111111111111,就業中,0.6666666666666666,3.0,35.86,139.65
岐阜県,各務原市,岐阜県各務原市,9,60代,0.4444444444444444,0.5555555555555556,0.4444444444444444,0.2222222222222222,就業中,0.5555555555555556,3.2222222222222223,35.39,136.72
東京都,立川市,東京都立川市,9,40代,0.4444444444444444,0.5555555555555556,0.4444444444444444,0.0,就業中,0.7777777777777778,2.7777777777777777,35.69,139.69
埼玉県,さいたま市見沼区,埼玉県さいたま市見沼区,9,30代,0.3333333333333333,0.5555555555555556,0.4444444444444444,0.1111111111111111,就業中,0.7777777777777778,4.555555555555555,35.86,139.65
愛知県,一宮市,愛知県一宮市,9,30代,0.2222222222222222,0.3333333333333333,0.6666666666666667,0.2222222222222222,離職中,0.4444444444444444,3.4444444444444446,35.18,136.91
神奈川県,厚木市,神奈川県厚木市,9,20代,0.3333333333333333,0.4444444444444444,0.5555555555555556,0.1111111111111111,就業中,0.5555555555555556,3.4444444444444446,35.45,139.64
三重県,松阪市,三重県松阪市,9,50代,0.3333333333333333,0.7777777777777778,0.2222222222222222,0.1111111111111111,就業中,0.7777777777777778,2.0,34.73,136.51
神奈川県,横浜市栄区,神奈川県横浜市栄区,9,20代,0.3333333333333333,0.6666666666666666,0.33333333333333337,0.2222222222222222,離職中,0.6666666666666666,3.0,35.45,139.64
神奈川県,秦野市,神奈川県秦野市,8,40代,0.625,0.25,0.75,0.0,就業中,0.875,3.75,35.45,139.64
神奈川県,海老名市,神奈川県海老名市,8,30代,0.375,0.625,0.375,0.25,離職中,0.5,2.875,35.45,139.64
大阪府,堺市美原区,大阪府堺市美原区,8,40代,0.375,0.375,0.625,0.0,離職中,0.625,2.875,34.69,135.5
茨城県,土浦市,茨城県土浦市,8,30代,0.25,0.375,0.625,0.0,就業中,0.875,3.375,36.34,140.45
神奈川県,横浜市泉区,神奈川県横浜市泉区,8,70歳以上,0.25,0.375,0.625,0.125,就業中,0.625,2.75,35.45,139.64
奈良県,北葛城郡河合町,奈良県北葛城郡河合町,8,30代,0.375,0.75,0.25,0.125,就業中,0.75,4.25,34.69,135.83
神奈川県,相模原市緑区,神奈川県相模原市緑区,8,30代,0.375,0.375,0.625,0.125,就業中,0.75,3.375,35.45,139.64
埼玉県,蕨市,埼玉県蕨市,8,30代,0.5,0.625,0.375,0.25,就業中,0.875,3.25,35.86,139.65
千葉県,四街道市,千葉県四街道市,8,60代,0.5,0.375,0.625,0.125,就業中,0.625,4.0,35.61,140.11
千葉県,千葉市若葉区,千葉県千葉市若葉区,8,60代,0.375,0.25,0.75,0.0,就業中,0.75,4.125,35.61,140.11
埼玉県,久喜市,埼玉県久喜市,8,30代,0.25,0.5,0.5,0.0,就業中,0.875,3.75,35.86,139.65
神奈川県,川崎市高津区,神奈川県川崎市高津区,8,60代,0.375,0.25,0.75,0.125,就業中,0.5,3.375,35.45,139.64
千葉県,浦安市,千葉県浦安市,8,30代,0.25,0.5,0.5,0.25,就業中,0.75,3.0,35.61,140.11
神奈川県,横浜市港南区,神奈川県横浜市港南区,8,30代,0.25,0.5,0.5,0.125,就業中,0.625,2.75,35.45,139.64
広島県,福山市,広島県福山市,8,30代,0.25,0.625,0.375,0.125,就業中,0.5,5.5,34.4,132.46
東京都,小平市,東京都小平市,8,60代,0.625,0.5,0.5,0.0,就業中,0.625,2.25,35.69,139.69
滋賀県,蒲生郡日野町,滋賀県蒲生郡日野町,8,20代,0.25,0.5,0.5,0.0,就業中,0.5,2.75,35.0,135.87
奈良県,北葛城郡上牧町,奈良県北葛城郡上牧町,8,50代,0.375,0.875,0.125,0.5,就業中,0.875,3.0,34.69,135.83
神奈川県,横浜市金沢区,神奈川県横浜市金沢区,8,30代,0.375,0.5,0.5,0.125,就業中,0.75,3.0,35.45,139.64
三重県,四日市市,三重県四日市市,8,30代,0.375,0.75,0.25,0.125,就業中,0.75,2.375,34.73,136.51
愛知県,名古屋市東区,愛知県名古屋市東区,8,30代,0.5,0.5,0.5,0.25,就業中,0.625,2.5,35.18,136.91
千葉県,千葉市花見川区,千葉県千葉市花見川区,8,30代,0.25,0.375,0.625,0.0,就業中,0.5,1.75,35.61,140.11
茨城県,つくば市,茨城県つくば市,8,60代,0.375,0.25,0.75,0.0,就業中,0.75,4.25,36.34,140.45
愛媛県,松山市,愛媛県松山市,8,30代,0.25,0.875,0.125,0.125,就業中,0.5,2.375,33.84,132.77
神奈川県,川崎市麻生区,神奈川県川崎市麻生区,8,30代,0.375,0.5,0.5,0.25,就業中,0.75,2.75,35.45,139.64
静岡県,静岡市駿河区,静岡県静岡市駿河区,7,60代,0.42857142857142855,0.7142857142857143,0.2857142857142857,0.2857142857142857,就業中,0.5714285714285714,3.857142857142857,34.98,138.38
千葉県,成田市,千葉県成田市,7,60代,0.42857142857142855,0.2857142857142857,0.7142857142857143,0.0,就業中,0.5714285714285714,4.142857142857143,35.61,140.11
静岡県,,静岡県,7,40代,0.5714285714285714,0.42857142857142855,0.5714285714285714,0.0,就業中,0.8571428571428571,2.4285714285714284,34.98,138.38
埼玉県,入間市,埼玉県入間市,7,30代,0.42857142857142855,0.42857142857142855,0.5714285714285714,0.14285714285714285,就業中,0.8571428571428571,3.2857142857142856,35.86,139.65
群馬県,前橋市,群馬県前橋市,7,30代,0.2857142857142857,0.42857142857142855,0.5714285714285714,0.0,就業中,1.0,2.7142857142857144,36.39,139.06
愛知県,名古屋市熱田区,愛知県名古屋市熱田区,7,60代,0.2857142857142857,0.7142857142857143,0.2857142857142857,0.2857142857142857,就業中,0.5714285714285714,3.2857142857142856,35.18,136.91
宮城県,,宮城県,7,40代,0.42857142857142855,0.14285714285714285,0.8571428571428572,0.0,就業中,0.7142857142857143,4.714285714285714,38.27,140.87
愛知県,名古屋市昭和区,愛知県名古屋市昭和区,7,40代,0.42857142857142855,0.5714285714285714,0.4285714285714286,0.2857142857142857,就業中,0.5714285714285714,2.7142857142857144,35.18,136.91
愛知県,春日井市,愛知県春日井市,7,30代,0.42857142857142855,0.5714285714285714,0.4285714285714286,0.14285714285714285,就業中,0.42857142857142855,2.142857142857143,35.18,136.91
愛知県,名古屋市北区,愛知県名古屋市北区,7,60代,0.2857142857142857,0.7142857142857143,0.2857142857142857,0.42857142857142855,就業中,0.5714285714285714,4.571428571428571,35.18,136.91
長野県,長野市,長野県長野市,7,30代,0.2857142857142857,0.5714285714285714,0.4285714285714286,0.2857142857142857,就業中,0.8571428571428571,2.857142857142857,36.65,138.18
福井県,小浜市,福井県小浜市,7,50代,0.42857142857142855,0.8571428571428571,0.1428571428571429,0.0,就業中,0.42857142857142855,1.7142857142857142,36.07,136.22
広島県,,広島県,7,40代,0.42857142857142855,0.14285714285714285,0.8571428571428572,0.14285714285714285,就業中,0.8571428571428571,5.142857142857143,34.4,132.46
埼玉県,鴻巣市,埼玉県鴻巣市,7,40代,0.2857142857142857,0.2857142857142857,0.7142857142857143,0.0,就業中,0.7142857142857143,3.7142857142857144,35.86,139.65
神奈川県,横浜市磯子区,神奈川県横浜市磯子区,7,40代,0.42857142857142855,0.2857142857142857,0.7142857142857143,0.14285714285714285,就業中,0.7142857142857143,3.0,35.45,139.64
福岡県,福岡市西区,福岡県福岡市西区,7,70歳以上,0.2857142857142857,0.42857142857142855,0.5714285714285714,0.2857142857142857,就業中,0.8571428571428571,2.7142857142857144,33.61,130.42
東京都,東久留米市,東京都東久留米市,7,30代,0.42857142857142855,0.5714285714285714,0.4285714285714286,0.14285714285714285,就業中,0.8571428571428571,2.2857142857142856,35.69,139.69
石川県,金沢市,石川県金沢市,7,50代,0.42857142857142855,0.5714285714285714,0.4285714285714286,0.14285714285714285,就業中,0.8571428571428571,3.857142857142857,36.59,136.63
鹿児島県,鹿児島市,鹿児島県鹿児島市,7,60代,0.2857142857142857,0.7142857142857143,0.2857142857142857,0.14285714285714285,離職中,0.42857142857142855,3.4285714285714284,31.56,130.56
埼玉県,吉川市,埼玉県吉川市,7,60代,0.42857142857142855,0.14285714285714285,0.8571428571428572,0.0,就業中,0.8571428571428571,4.142857142857143,35.86,139.65
東京都,日野市,東京都日野市,7,20代,0.42857142857142855,0.2857142857142857,0.7142857142857143,0.14285714285714285,就業中,0.7142857142857143,3.142857142857143,35.69,139.69
和歌山県,,和歌山県,7,40代,0.42857142857142855,0.2857142857142857,0.7142857142857143,0.0,就業中,0.7142857142857143,3.0,34.23,135.17
埼玉県,上尾市,埼玉県上尾市,7,60代,0.42857142857142855,0.42857142857142855,0.5714285714285714,0.0,就業中,0.7142857142857143,4.857142857142857,35.86,139.65
愛知県,瀬戸市,愛知県瀬戸市,7,30代,0.2857142857142857,0.5714285714285714,0.4285714285714286,0.2857142857142857,就業中,0.7142857142857143,3.2857142857142856,35.18,136.91
神奈川県,横浜市瀬谷区,神奈川県横浜市瀬谷区,7,30代,0.42857142857142855,0.5714285714285714,0.4285714285714286,0.14285714285714285,就業中,0.5714285714285714,2.7142857142857144,35.45,139.64
千葉県,千葉市美浜区,千葉県千葉市美浜区,7,20代,0.2857142857142857,0.42857142857142855,0.5714285714285714,0.0,就業中,0.7142857142857143,3.142857142857143,35.61,140.11
東京都,国分寺市,東京都国分寺市,7,30代,0.42857142857142855,0.42857142857142855,0.5714285714285714,0.0,就業中,0.7142857142857143,3.0,35.69,139.69
千葉県,八千代市,千葉県八千代市,7,60代,0.2857142857142857,0.5714285714285714,0.4285714285714286,0.0,就業中,0.7142857142857143,3.7142857142857144,35.61,140.11
東京都,武蔵野市,東京都武蔵野市,7,30代,0.2857142857142857,0.42857142857142855,0.5714285714285714,0.14285714285714285,就業中,0.8571428571428571,4.285714285714286,35.69,139.69
神奈川県,小田原市,神奈川県小田原市,7,40代,0.42857142857142855,0.42857142857142855,0.5714285714285714,0.14285714285714285,離職中,0.5714285714285714,2.142857142857143,35.45,139.64
香川県,高松市,香川県高松市,7,20代,0.42857142857142855,0.14285714285714285,0.8571428571428572,0.0,就業中,0.8571428571428571,5.285714285714286,34.34,134.04
埼玉県,さいたま市桜区,埼玉県さいたま市桜区,7,60代,0.42857142857142855,0.14285714285714285,0.8571428571428572,0.0,就業中,1.0,5.142857142857143,35.86,139.65
群馬県,太田市,群馬県太田市,7,60代,0.42857142857142855,0.14285714285714285,0.8571428571428572,0.0,就業中,0.8571428571428571,4.428571428571429,36.39,139.06
広島県,広島市東区,広島県広島市東区,6,20代,0.5,0.3333333333333333,0.6666666666666667,0.16666666666666666,就業中,0.5,2.0,34.4,132.46
広島県,広島市安佐南区,広島県広島市安佐南区,6,30代,0.5,0.5,0.5,0.0,就業中,0.6666666666666666,2.3333333333333335,34.4,132.46
茨城県,,茨城県,6,60代,0.3333333333333333,0.3333333333333333,0.6666666666666667,0.16666666666666666,就業中,1.0,3.3333333333333335,36.34,140.45
岡山県,,岡山県,6,40代,0.5,0.0,1.0,0.0,就業中,1.0,5.666666666666667,34.66,133.92
愛知県,あま市,愛知県あま市,6,30代,0.3333333333333333,0.5,0.5,0.16666666666666666,就業中,0.6666666666666666,4.166666666666667,35.18,136.91
広島県,広島市南区,広島県広島市南区,6,30代,0.3333333333333333,0.3333333333333333,0.6666666666666667,0.0,就業中,0.5,2.1666666666666665,34.4,132.46
広島県,広島市佐伯区,広島県広島市佐伯区,6,20代,0.5,0.3333333333333333,0.6666666666666667,0.0,就業中,0.5,2.3333333333333335,34.4,132.46
愛知県,小牧市,愛知県小牧市,6,60代,0.3333333333333333,0.5,0.5,0.16666666666666666,就業中,0.6666666666666666,2.5,35.18,136.91
大阪府,泉南市,大阪府泉南市,6,40代,0.3333333333333333,0.5,0.5,0.3333333333333333,離職中,0.5,4.0,34.69,135.5
三重県,鈴鹿市,三重県鈴鹿市,6,60代,0.3333333333333333,0.6666666666666666,0.33333333333333337,0.16666666666666666,就業中,0.8333333333333334,2.1666666666666665,34.73,136.51
愛知県,豊田市,愛知県豊田市,6,60代,0.3333333333333333,0.8333333333333334,0.16666666666666663,0.3333333333333333,離職中,0.5,2.3333333333333335,35.18,136.91
岐阜県,,岐阜県,6,40代,0.6666666666666666,0.16666666666666666,0.8333333333333334,0.0,就業中,1.0,2.6666666666666665,35.39,136.72
大阪府,豊能郡能勢町,大阪府豊能郡能勢町,6,40代,0.5,0.5,0.5,0.0,就業中,0.6666666666666666,1.8333333333333333,34.69,135.5
栃木県,宇都宮市,栃木県宇都宮市,6,30代,0.3333333333333333,0.3333333333333333,0.6666666666666667,0.0,就業中,0.8333333333333334,4.333333333333333,36.57,139.88
埼玉県,熊谷市,埼玉県熊谷市,6,60代,0.5,0.16666666666666666,0.8333333333333334,0.0,就業中,0.8333333333333334,5.666666666666667,35.86,139.65
東京都,あきる野市,東京都あきる野市,6,60代,0.3333333333333333,0.3333333333333333,0.6666666666666667,0.0,就業中,0.6666666666666666,4.0,35.69,139.69
埼玉県,白岡市,埼玉県白岡市,6,40代,0.3333333333333333,0.16666666666666666,0.8333333333333334,0.16666666666666666,就業中,0.6666666666666666,3.8333333333333335,35.86,139.65
愛知県,豊橋市,愛知県豊橋市,6,20代,0.5,0.6666666666666666,0.33333333333333337,0.16666666666666666,就業中,0.6666666666666666,2.0,35.18,136.91
静岡県,富士市,静岡県富士市,6,60代,0.5,0.5,0.5,0.16666666666666666,就業中,0.8333333333333334,3.5,34.98,138.38
東京都,国立市,東京都国立市,6,30代,0.3333333333333333,0.5,0.5,0.0,就業中,0.8333333333333334,3.0,35.69,139.69
東京都,西多摩郡瑞穂町,東京都西多摩郡瑞穂町,6,30代,0.6666666666666666,0.5,0.5,0.0,就業中,0.5,2.3333333333333335,35.69,139.69
福岡県,春日市,福岡県春日市,6,30代,0.3333333333333333,0.6666666666666666,0.33333333333333337,0.3333333333333333,就業中,0.6666666666666666,2.6666666666666665,33.61,130.42
埼玉県,戸田市,埼玉県戸田市,6,30代,0.5,0.5,0.5,0.0,就業中,1.0,3.5,35.86,139.65
奈良県,磯城郡三宅町,奈良県磯城郡三宅町,6,60代,0.3333333333333333,0.5,0.5,0.16666666666666666,離職中,0.5,3.6666666666666665,34.69,135.83
東京都,東村山市,東京都東村山市,6,60代,0.5,0.3333333333333333,0.6666666666666667,0.0,就業中,0.6666666666666666,3.3333333333333335,35.69,139.69
東京都,青梅市,東京都青梅市,6,30代,0.8333333333333334,0.5,0.5,0.0,就業中,0.6666666666666666,2.0,35.69,139.69
沖縄県,,沖縄県,6,50代,0.3333333333333333,0.16666666666666666,0.8333333333333334,0.0,就業中,0.8333333333333334,3.5,26.21,127.68
奈良県,北葛城郡広陵町,奈良県北葛城郡広陵町,6,60代,0.3333333333333333,0.8333333333333334,0.16666666666666663,0.16666666666666666,就業中,0.6666666666666666,3.6666666666666665,34.69,135.83
栃木県,小山市,栃木県小山市,6,30代,0.3333333333333333,0.5,0.5,0.0,就業中,0.6666666666666666,2.5,36.57,139.88
埼玉県,深谷市,埼玉県深谷市,6,60代,0.3333333333333333,0.16666666666666666,0.8333333333333334,0.0,就業中,0.8333333333333334,3.6666666666666665,35.86,139.65
神奈川県,座間市,神奈川県座間市,6,30代,0.3333333333333333,0.5,0.5,0.16666666666666666,就業中,0.5,2.8333333333333335,35.45,139.64
千葉県,我孫子市,千葉県我孫子市,6,30代,0.3333333333333333,0.3333333333333333,0.6666666666666667,0.0,就業中,0.6666666666666666,3.0,35.61,140.11
千葉県,野田市,千葉県野田市,6,60代,0.3333333333333333,0.3333333333333333,0.6666666666666667,0.0,離職中,0.5,3.3333333333333335,35.61,140.11
沖縄県,那覇市,沖縄県那覇市,6,60代,0.5,0.3333333333333333,0.6666666666666667,0.0,就業中,0.8333333333333334,6.166666666666667,26.21,127.68
群馬県,高崎市,群馬県高崎市,6,60代,0.3333333333333333,0.3333333333333333,0.6666666666666667,0.0,就業中,0.8333333333333334,3.5,36.39,139.06
福井県,大飯郡おおい町,福井県大飯郡おおい町,6,40代,0.5,0.6666666666666666,0.33333333333333337,0.0,就業中,0.5,3.1666666666666665,36.07,136.22
三重県,伊賀市,三重県伊賀市,6,40代,0.5,0.8333333333333334,0.16666666666666663,0.0,就業中,0.8333333333333334,1.3333333333333333,34.73,136.51
愛知県,半田市,愛知県半田市,6,30代,0.3333333333333333,0.8333333333333334,0.16666666666666663,0.16666666666666666,就業中,0.6666666666666666,2.6666666666666665,35.18,136.91
埼玉県,さいたま市中央区,埼玉県さいたま市中央区,6,30代,0.3333333333333333,0.5,0.5,0.0,就業中,0.8333333333333334,4.833333333333333,35.86,139.65
静岡県,静岡市葵区,静岡県静岡市葵区,6,60代,0.5,0.6666666666666666,0.33333333333333337,0.16666666666666666,就業中,0.6666666666666666,3.1666666666666665,34.98,138.38
神奈川県,伊勢原市,神奈川県伊勢原市,5,30代,0.4,0.6,0.4,0.4,就業中,0.8,2.6,35.45,139.64
埼玉県,さいたま市浦和区,埼玉県さいたま市浦和区,5,60代,0.4,0.2,0.8,0.0,就業中,1.0,5.8,35.86,139.65
岐阜県,多治見市,岐阜県多治見市,5,30代,0.4,0.8,0.19999999999999996,0.4,就業中,0.6,3.8,35.39,136.72
京都府,相楽郡和束町,京都府相楽郡和束町,5,50代,0.4,0.8,0.19999999999999996,0.2,就業中,1.0,2.0,35.02,135.75
愛知県,豊明市,愛知県豊明市,5,30代,0.4,0.6,0.4,0.2,就業中,0.6,3.0,35.18,136.91
静岡県,富士宮市,静岡県富士宮市,5,60代,0.4,0.6,0.4,0.2,就業中,0.6,3.0,34.98,138.38
茨城県,水戸市,茨城県水戸市,5,60代,0.6,0.4,0.6,0.0,就業中,1.0,4.2,36.34,140.45
埼玉県,加須市,埼玉県加須市,5,30代,0.4,0.4,0.6,0.0,就業中,0.6,3.2,35.86,139.65
栃木県,足利市,栃木県足利市,5,60代,0.4,0.2,0.8,0.0,就業中,1.0,3.0,36.57,139.88
茨城県,取手市,茨城県取手市,5,60代,0.4,0.2,0.8,0.0,就業中,0.8,4.8,36.34,140.45
茨城県,ひたちなか市,茨城県ひたちなか市,5,60代,0.4,0.4,0.6,0.0,就業中,0.8,4.6,36.34,140.45
奈良県,吉野郡大淀町,奈良県吉野郡大淀町,5,30代,0.4,0.4,0.6,0.0,就業中,0.8,3.6,34.69,135.83
福岡県,那珂川市,福岡県那珂川市,5,60代,0.2,0.4,0.6,0.0,就業中,0.6,2.8,33.61,130.42
群馬県,伊勢崎市,群馬県伊勢崎市,5,20代,0.4,0.4,0.6,0.2,就業中,1.0,2.8,36.39,139.06
福岡県,福岡市城南区,福岡県福岡市城南区,5,70歳以上,0.4,0.4,0.6,0.2,就業中,0.8,2.4,33.61,130.42
沖縄県,沖縄市,沖縄県沖縄市,5,30代,0.4,0.6,0.4,0.0,就業中,0.8,2.6,26.21,127.68
愛知県,江南市,愛知県江南市,5,60代,0.4,0.6,0.4,0.4,離職中,0.6,3.8,35.18,136.91
茨城県,結城市,茨城県結城市,5,30代,0.4,0.6,0.4,0.2,就業中,1.0,2.2,36.34,140.45
岡山県,岡山市北区,岡山県岡山市北区,5,40代,0.4,0.8,0.19999999999999996,0.0,就業中,0.6,3.6,34.66,133.92
広島県,廿日市市,広島県廿日市市,5,30代,0.4,0.2,0.8,0.0,就業中,0.6,1.0,34.4,132.46
高知県,高知市,高知県高知市,5,20代,0.6,0.6,0.4,0.0,就業中,0.6,5.4,33.56,133.53
奈良県,生駒郡安堵町,奈良県生駒郡安堵町,5,30代,0.4,0.8,0.19999999999999996,0.2,就業中,0.8,2.6,34.69,135.83
埼玉県,蓮田市,埼玉県蓮田市,5,60代,0.4,0.2,0.8,0.0,就業中,1.0,8.0,35.86,139.65
三重県,桑名市,三重県桑名市,5,30代,0.4,0.8,0.19999999999999996,0.2,就業中,0.8,5.8,34.73,136.51
兵庫県,西脇市,兵庫県西脇市,5,60代,0.4,0.2,0.8,0.0,就業中,0.8,3.2,34.69,135.18
東京都,小金井市,東京都小金井市,5,30代,0.6,0.4,0.6,0.0,就業中,0.6,2.4,35.69,139.69
北海道,札幌市中央区,北海道札幌市中央区,5,20代,0.4,0.4,0.6,0.2,就業中,0.6,2.6,43.06,141.35
茨城県,守谷市,茨城県守谷市,5,50代,0.4,0.2,0.8,0.0,離職中,0.6,2.2,36.34,140.45
北海道,,北海道,5,40代,0.6,0.2,0.8,0.0,就業中,0.6,4.8,43.06,141.35
栃木県,,栃木県,5,60代,0.4,0.6,0.4,0.2,就業中,0.8,3.0,36.57,139.88
和歌山県,橋本市,和歌山県橋本市,5,60代,0.4,0.4,0.6,0.0,就業中,0.8,4.0,34.23,135.17
滋賀県,蒲生郡竜王町,滋賀県蒲生郡竜王町,5,60代,0.4,0.8,0.19999999999999996,0.0,就業中,0.8,2.2,35.0,135.87
埼玉県,桶川市,埼玉県桶川市,5,40代,0.4,0.4,0.6,0.0,就業中,0.8,5.6,35.86,139.65
愛知県,刈谷市,愛知県刈谷市,5,60代,0.2,0.8,0.19999999999999996,0.4,就業中,0.6,3.8,35.18,136.91
愛知県,犬山市,愛知県犬山市,5,60代,0.4,0.6,0.4,0.2,就業中,0.6,2.2,35.18,136.91
広島県,広島市西区,広島県広島市西区,5,20代,0.6,0.2,0.8,0.0,離職中,0.6,1.8,34.4,132.46
福岡県,朝倉市,福岡県朝倉市,5,20代,0.4,0.4,0.6,0.2,離職中,0.6,3.0,33.61,130.42
岐阜県,大垣市,岐阜県大垣市,5,60代,0.4,0.8,0.19999999999999996,0.4,離職中,0.8,4.6,35.39,136.72
東京都,昭島市,東京都昭島市,5,30代,0.6,0.4,0.6,0.0,就業中,0.6,3.8,35.69,139.69
島根県,,島根県,5,40代,0.8,0.2,0.8,0.0,就業中,0.8,3.2,35.47,133.05
大阪府,泉南郡熊取町,大阪府泉南郡熊取町,4,60代,0.25,0.5,0.5,0.25,離職中,0.75,4.0,34.69,135.5
兵庫県,朝来市,兵庫県朝来市,4,20代,0.5,1.0,0.0,0.0,就業中,0.75,3.5,34.69,135.18
福島県,郡山市,福島県郡山市,4,20代,0.5,0.5,0.5,0.0,就業中,0.5,2.0,37.75,140.47
三重県,名張市,三重県名張市,4,60代,0.5,0.75,0.25,0.25,就業中,0.75,1.5,34.73,136.51
茨城県,日立市,茨城県日立市,4,60代,0.5,0.0,1.0,0.0,就業中,0.75,4.0,36.34,140.45
茨城県,牛久市,茨城県牛久市,4,60代,0.5,0.25,0.75,0.0,就業中,0.75,5.25,36.34,140.45
埼玉県,八潮市,埼玉県八潮市,4,30代,0.25,0.5,0.5,0.0,就業中,0.75,3.5,35.86,139.65
千葉県,印西市,千葉県印西市,4,30代,0.25,0.25,0.75,0.0,就業中,0.5,2.25,35.61,140.11
長野県,松本市,長野県松本市,4,60代,0.5,0.75,0.25,0.25,就業中,0.5,2.0,36.65,138.18
福井県,越前市,福井県越前市,4,20代,0.75,0.75,0.25,0.0,就業中,0.5,2.5,36.07,136.22
香川県,,香川県,4,40代,0.5,0.0,1.0,0.0,就業中,0.75,6.75,34.34,134.04
山形県,山形市,山形県山形市,4,20代,0.5,0.75,0.25,0.0,就業中,1.0,3.5,38.25,140.34
埼玉県,富士見市,埼玉県富士見市,4,20代,0.5,0.25,0.75,0.0,就業中,0.75,3.25,35.86,139.65
愛媛県,,愛媛県,4,40代,0.75,0.0,1.0,0.0,就業中,1.0,7.0,33.84,132.77
愛知県,安城市,愛知県安城市,4,30代,0.25,1.0,0.0,0.25,就業中,0.75,3.0,35.18,136.91
三重県,志摩市,三重県志摩市,4,40代,0.5,1.0,0.0,0.25,就業中,1.0,2.0,34.73,136.51
兵庫県,小野市,兵庫県小野市,4,50代,0.5,0.5,0.5,0.0,離職中,0.5,4.0,34.69,135.18
兵庫県,淡路市,兵庫県淡路市,4,40代,0.25,0.25,0.75,0.0,就業中,0.75,2.5,34.69,135.18
福岡県,久留米市,福岡県久留米市,4,20代,0.5,0.5,0.5,0.25,離職中,0.5,3.0,33.61,130.42
愛知県,稲沢市,愛知県稲沢市,4,30代,0.5,0.75,0.25,0.25,就業中,0.75,2.75,35.18,136.91
秋田県,,秋田県,4,40代,0.5,0.0,1.0,0.0,就業中,1.0,3.75,39.72,140.1
山口県,山口市,山口県山口市,4,30代,0.5,0.75,0.25,0.0,就業中,0.75,3.0,34.19,131.47
奈良県,五條市,奈良県五條市,4,20代,0.5,0.75,0.25,0.0,就業中,0.75,3.25,34.69,135.83
熊本県,熊本市南区,熊本県熊本市南区,4,20代,1.0,0.5,0.5,0.0,就業中,0.5,2.25,32.79,130.71
広島県,広島市安佐北区,広島県広島市安佐北区,4,30代,0.5,0.5,0.5,0.0,就業中,0.75,1.0,34.4,132.46
愛知県,大府市,愛知県大府市,4,60代,0.5,0.75,0.25,0.25,離職中,0.5,2.5,35.18,136.91
長崎県,長崎市,長崎県長崎市,4,40代,0.5,0.5,0.5,0.25,就業中,1.0,3.0,32.75,129.88
埼玉県,入間郡三芳町,埼玉県入間郡三芳町,4,30代,0.5,0.5,0.5,0.0,就業中,0.75,2.75,35.86,139.65
愛知県,尾張旭市,愛知県尾張旭市,4,20代,0.5,0.5,0.5,0.25,就業中,0.5,3.25,35.18,136.91
東京都,東大和市,東京都東大和市,4,20代,0.5,0.75,0.25,0.25,離職中,0.5,2.75,35.69,139.69
岡山県,総社市,岡山県総社市,4,40代,0.5,1.0,0.0,0.0,離職中,0.5,3.5,34.66,133.92
埼玉県,ふじみ野市,埼玉県ふじみ野市,4,60代,0.25,0.25,0.75,0.0,就業中,0.75,4.5,35.86,139.65
千葉県,袖ケ浦市,千葉県袖ケ浦市,4,70歳以上,0.5,0.5,0.5,0.25,離職中,0.75,3.0,35.61,140.11
岡山県,倉敷市,岡山県倉敷市,4,40代,0.5,1.0,0.0,0.0,離職中,0.5,3.5,34.66,133.92
福岡県,古賀市,福岡県古賀市,4,20代,0.5,0.5,0.5,0.25,離職中,0.5,3.25,33.61,130.42
神奈川県,足柄上郡開成町,神奈川県足柄上郡開成町,4,40代,0.5,0.75,0.25,0.0,就業中,0.75,2.5,35.45,139.64
岐阜県,可児市,岐阜県可児市,4,60代,0.25,0.75,0.25,0.5,離職中,0.5,4.25,35.39,136.72
三重県,,三重県,4,40代,0.75,0.25,0.75,0.0,就業中,1.0,3.0,34.73,136.51
埼玉県,北本市,埼玉県北本市,4,60代,0.5,0.25,0.75,0.0,就業中,1.0,5.0,35.86,139.65
京都府,相楽郡笠置町,京都府相楽郡笠置町,4,40代,0.75,0.75,0.25,0.25,就業中,1.0,1.25,35.02,135.75
大阪府,豊能郡豊能町,大阪府豊能郡豊能町,4,60代,0.5,0.75,0.25,0.0,就業中,1.0,1.5,34.69,135.5
埼玉県,東松山市,埼玉県東松山市,4,40代,0.5,0.25,0.75,0.0,就業中,0.75,5.25,35.86,139.65
静岡県,浜松市中区,静岡県浜松市中区,4,60代,0.5,0.75,0.25,0.25,就業中,0.5,3.0,34.98,138.38
千葉県,鎌ケ谷市,千葉県鎌ケ谷市,4,60代,0.5,0.5,0.5,0.0,就業中,1.0,1.75,35.61,140.11
兵庫県,三木市,兵庫県三木市,4,50代,0.75,0.5,0.5,0.25,離職中,0.75,4.25,34.69,135.18
福岡県,大野城市,福岡県大野城市,4,30代,0.5,0.75,0.25,0.25,就業中,0.5,3.25,33.61,130.42
兵庫県,加東市,兵庫県加東市,4,60代,0.5,0.5,0.5,0.25,離職中,0.75,2.0,34.69,135.18
東京都,狛江市,東京都狛江市,4,30代,0.5,0.5,0.5,0.0,就業中,1.0,3.0,35.69,139.69
神奈川県,綾瀬市,神奈川県綾瀬市,4,30代,0.5,0.5,0.5,0.25,就業中,1.0,2.75,35.45,139.64
石川県,,石川県,4,40代,0.25,0.0,1.0,0.0,就業中,0.5,1.5,36.59,136.63
埼玉県,本庄市,埼玉県本庄市,4,60代,0.25,0.0,1.0,0.0,就業中,1.0,2.0,35.86,139.65
滋賀県,米原市,滋賀県米原市,4,60代,0.5,0.75,0.25,0.25,就業中,0.5,1.75,35.0,135.87
富山県,,富山県,4,40代,0.5,0.0,1.0,0.0,就業中,0.75,2.5,36.7,137.21
和歌山県,岩出市,和歌山県岩出市,4,30代,0.25,0.5,0.5,0.0,就業中,0.75,3.25,34.23,135.17
岐阜県,羽島郡岐南町,岐阜県羽島郡岐南町,4,60代,0.75,0.75,0.25,0.25,離職中,0.5,3.75,35.39,136.72
兵庫県,多可郡多可町,兵庫県多可郡多可町,4,30代,0.5,0.5,0.5,0.0,離職中,0.5,4.5,34.69,135.18
山梨県,甲府市,山梨県甲府市,4,40代,0.5,0.5,0.5,0.0,就業中,0.75,3.0,35.66,138.57
熊本県,熊本市中央区,熊本県熊本市中央区,4,20代,0.75,0.75,0.25,0.25,就業中,0.5,2.5,32.79,130.71
福井県,,福井県,4,40代,0.5,0.0,1.0,0.0,就業中,0.75,2.0,36.07,136.22
栃木県,栃木市,栃木県栃木市,3,30代,0.3333333333333333,0.6666666666666666,0.33333333333333337,0.0,就業中,1.0,2.6666666666666665,36.57,139.88
茨城県,神栖市,茨城県神栖市,3,60代,0.6666666666666666,0.0,1.0,0.0,就業中,1.0,4.666666666666667,36.34,140.45
岐阜県,美濃加茂市,岐阜県美濃加茂市,3,60代,0.6666666666666666,0.3333333333333333,0.6666666666666667,0.3333333333333333,就業中,0.6666666666666666,4.0,35.39,136.72
愛知県,西春日井郡豊山町,愛知県西春日井郡豊山町,3,60代,0.6666666666666666,0.6666666666666666,0.33333333333333337,0.3333333333333333,就業中,0.6666666666666666,5.666666666666667,35.18,136.91
千葉県,香取市,千葉県香取市,3,50代,0.6666666666666666,0.3333333333333333,0.6666666666666667,0.3333333333333333,就業中,0.6666666666666666,5.0,35.61,140.11
茨城県,小美玉市,茨城県小美玉市,3,30代,0.6666666666666666,0.6666666666666666,0.33333333333333337,0.0,就業中,1.0,2.0,36.34,140.45
岐阜県,関市,岐阜県関市,3,30代,0.6666666666666666,0.6666666666666666,0.33333333333333337,0.3333333333333333,就業中,0.6666666666666666,3.6666666666666665,35.39,136.72
新潟県,新潟市江南区,新潟県新潟市江南区,3,60代,0.3333333333333333,0.3333333333333333,0.6666666666666667,0.0,就業中,0.6666666666666666,4.0,37.9,139.02
広島県,尾道市,広島県尾道市,3,30代,0.6666666666666666,0.6666666666666666,0.33333333333333337,0.0,就業中,0.6666666666666666,1.3333333333333333,34.4,132.46
熊本県,熊本市北区,熊本県熊本市北区,3,20代,1.0,0.6666666666666666,0.33333333333333337,0.0,離職中,0.6666666666666666,2.6666666666666665,32.79,130.71
熊本県,熊本市東区,熊本県熊本市東区,3,20代,1.0,0.3333333333333333,0.6666666666666667,0.0,就業中,0.6666666666666666,2.3333333333333335,32.79,130.71
福島県,福島市,福島県福島市,3,60代,0.6666666666666666,0.6666666666666666,0.33333333333333337,0.0,離職中,0.6666666666666666,2.3333333333333335,37.75,140.47
愛知県,岡崎市,愛知県岡崎市,3,30代,0.3333333333333333,1.0,0.0,0.3333333333333333,就業中,0.6666666666666666,3.3333333333333335,35.18,136.91
愛知県,豊川市,愛知県豊川市,3,30代,0.3333333333333333,1.0,0.0,0.3333333333333333,就業中,0.6666666666666666,3.3333333333333335,35.18,136.91
徳島県,鳴門市,徳島県鳴門市,3,30代,0.3333333333333333,1.0,0.0,0.0,就業中,1.0,4.666666666666667,34.07,134.56
愛知県,津島市,愛知県津島市,3,30代,0.6666666666666666,0.3333333333333333,0.6666666666666667,0.0,就業中,0.6666666666666666,3.0,35.18,136.91
岩手県,,岩手県,3,40代,0.6666666666666666,0.0,1.0,0.0,就業中,1.0,4.333333333333333,39.7,141.15
福島県,,福島県,3,40代,0.6666666666666666,0.0,1.0,0.0,就業中,1.0,4.333333333333333,37.75,140.47
福岡県,北九州市八幡西区,福岡県北九州市八幡西区,3,20代,0.6666666666666666,0.3333333333333333,0.6666666666666667,0.0,離職中,0.6666666666666666,3.0,33.61,130.42
群馬県,,群馬県,3,30代,0.3333333333333333,0.3333333333333333,0.6666666666666667,0.0,就業中,1.0,3.3333333333333335,36.39,139.06
大分県,大分市,大分県大分市,3,60代,0.3333333333333333,0.6666666666666666,0.33333333333333337,0.6666666666666666,就業中,1.0,3.6666666666666665,33.24,131.61
三重県,亀山市,三重県亀山市,3,40代,0.3333333333333333,1.0,0.0,0.0,就業中,1.0,1.3333333333333333,34.73,136.51
福井県,三方上中郡若狭町,福井県三方上中郡若狭町,3,50代,0.3333333333333333,0.6666666666666666,0.33333333333333337,0.0,就業中,0.6666666666666666,3.0,36.07,136.22
奈良県,山辺郡山添村,奈良県山辺郡山添村,3,50代,0.3333333333333333,1.0,0.0,0.0,就業中,1.0,2.0,34.69,135.83
千葉県,木更津市,千葉県木更津市,3,20代,0.6666666666666666,0.3333333333333333,0.6666666666666667,0.0,離職中,0.6666666666666666,3.0,35.61,140.11
沖縄県,うるま市,沖縄県うるま市,3,50代,0.3333333333333333,1.0,0.0,0.0,就業中,0.6666666666666666,3.3333333333333335,26.21,127.68
鳥取県,鳥取市,鳥取県鳥取市,3,20代,0.6666666666666666,1.0,0.0,0.0,就業中,1.0,3.3333333333333335,35.5,134.23
山梨県,,山梨県,3,50代,0.3333333333333333,0.0,1.0,0.0,就業中,0.6666666666666666,3.6666666666666665,35.66,138.57
愛知県,清須市,愛知県清須市,3,60代,0.3333333333333333,0.6666666666666666,0.33333333333333337,0.3333333333333333,就業中,0.6666666666666666,3.0,35.18,136.91
鹿児島県,,鹿児島県,3,40代,0.3333333333333333,0.3333333333333333,0.6666666666666667,0.0,就業中,0.6666666666666666,2.3333333333333335,31.56,130.56
北海道,札幌市西区,北海道札幌市西区,3,20代,0.6666666666666666,0.6666666666666666,0.33333333333333337,0.0,離職中,0.6666666666666666,6.333333333333333,43.06,141.35
愛知県,知多市,愛知県知多市,3,40代,0.3333333333333333,1.0,0.0,0.3333333333333333,就業中,0.6666666666666666,3.3333333333333335,35.18,136.91
熊本県,,熊本県,3,40代,0.3333333333333333,0.3333333333333333,0.6666666666666667,0.0,就業中,0.6666666666666666,2.3333333333333335,32.79,130.71
群馬県,桐生市,群馬県桐生市,3,60代,0.6666666666666666,0.3333333333333333,0.6666666666666667,0.0,就業中,0.6666666666666666,2.6666666666666665,36.39,139.06
群馬県,安中市,群馬県安中市,3,60代,0.3333333333333333,0.3333333333333333,0.6666666666666667,0.3333333333333333,就業中,0.6666666666666666,4.333333333333333,36.39,139.06
福岡県,糟屋郡粕屋町,福岡県糟屋郡粕屋町,3,30代,0.3333333333333333,1.0,0.0,0.3333333333333333,就業中,1.0,3.6666666666666665,33.61,130.42
福岡県,福津市,福岡県福津市,3,30代,0.3333333333333333,1.0,0.0,0.6666666666666666,就業中,0.6666666666666666,5.666666666666667,33.61,130.42
兵庫県,高砂市,兵庫県高砂市,3,30代,0.3333333333333333,0.3333333333333333,0.6666666666666667,0.0,就業中,1.0,2.3333333333333335,34.69,135.18
北海道,札幌市東区,北海道札幌市東区,3,20代,1.0,0.6666666666666666,0.33333333333333337,0.0,就業中,0.6666666666666666,2.0,43.06,141.35
愛知県,西尾市,愛知県西尾市,3,30代,0.3333333333333333,1.0,0.0,0.3333333333333333,就業中,0.6666666666666666,3.3333333333333335,35.18,136.91
千葉県,茂原市,千葉県茂原市,3,30代,0.3333333333333333,0.6666666666666666,0.33333333333333337,0.0,就業中,1.0,5.666666666666667,35.61,140.11
愛知県,常滑市,愛知県常滑市,3,40代,0.3333333333333333,1.0,0.0,0.3333333333333333,就業中,0.6666666666666666,2.0,35.18,136.91
宮城県,仙台市若林区,宮城県仙台市若林区,3,30代,0.3333333333333333,0.6666666666666666,0.33333333333333337,0.0,就業中,0.6666666666666666,3.0,38.27,140.87
宮崎県,宮崎市,宮崎県宮崎市,3,30代,0.6666666666666666,0.6666666666666666,0.33333333333333337,0.3333333333333333,就業中,0.6666666666666666,4.0,31.91,131.42
静岡県,静岡市清水区,静岡県静岡市清水区,3,60代,0.3333333333333333,0.3333333333333333,0.6666666666666667,0.0,就業中,1.0,4.666666666666667,34.98,138.38
長野県,,長野県,3,60代,0.3333333333333333,0.0,1.0,0.0,就業中,1.0,3.3333333333333335,36.65,138.18
埼玉県,鶴ヶ島市,埼玉県鶴ヶ島市,3,40代,0.6666666666666666,0.0,1.0,0.0,就業中,1.0,4.333333333333333,35.86,139.65
静岡県,磐田市,静岡県磐田市,3,60代,0.6666666666666666,0.6666666666666666,0.33333333333333337,0.3333333333333333,就業中,0.6666666666666666,4.0,34.98,138.38
群馬県,邑楽郡大泉町,群馬県邑楽郡大泉町,3,60代,0.3333333333333333,0.0,1.0,0.0,就業中,1.0,3.0,36.39,139.06
石川県,加賀市,石川県加賀市,3,50代,0.3333333333333333,0.6666666666666666,0.33333333333333337,0.0,就業中,0.6666666666666666,2.6666666666666665,36.59,136.63
宮城県,仙台市宮城野区,宮城県仙台市宮城野区,3,30代,0.3333333333333333,0.6666666666666666,0.33333333333333337,0.3333333333333333,就業中,0.6666666666666666,2.0,38.27,140.87
埼玉県,志木市,埼玉県志木市,3,30代,0.6666666666666666,0.3333333333333333,0.6666666666666667,0.0,就業中,1.0,2.3333333333333335,35.86,139.65
茨城県,稲敷郡阿見町,茨城県稲敷郡阿見町,3,20代,0.3333333333333333,0.6666666666666666,0.33333333333333337,0.0,就業中,0.6666666666666666,3.0,36.34,140.45
愛知県,岩倉市,愛知県岩倉市,3,20代,0.3333333333333333,0.6666666666666666,0.33333333333333337,0.3333333333333333,離職中,0.6666666666666666,5.333333333333333,35.18,136.91
福岡県,筑紫野市,福岡県筑紫野市,3,30代,0.6666666666666666,0.6666666666666666,0.33333333333333337,0.3333333333333333,離職中,0.6666666666666666,2.3333333333333335,33.61,130.42
兵庫県,加古郡稲美町,兵庫県加古郡稲美町,3,50代,0.3333333333333333,0.3333333333333333,0.6666666666666667,0.0,離職中,0.6666666666666666,3.0,34.69,135.18
群馬県,佐波郡玉村町,群馬県佐波郡玉村町,3,60代,0.3333333333333333,0.0,1.0,0.0,就業中,1.0,3.0,36.39,139.06
愛知県,海部郡大治町,愛知県海部郡大治町,3,60代,0.6666666666666666,0.6666666666666666,0.33333333333333337,0.3333333333333333,離職中,0.6666666666666666,3.3333333333333335,35.18,136.91
熊本県,熊本市西区,熊本県熊本市西区,3,20代,1.0,0.6666666666666666,0.33333333333333337,0.0,離職中,0.6666666666666666,2.6666666666666665,32.79,130.71
沖縄県,宜野湾市,沖縄県宜野湾市,3,20代,0.3333333333333333,1.0,0.0,0.3333333333333333,就業中,1.0,4.0,26.21,127.68
宮城県,仙台市青葉区,宮城県仙台市青葉区,3,30代,0.3333333333333333,0.6666666666666666,0.33333333333333337,0.0,就業中,1.0,4.333333333333333,38.27,140.87
石川県,野々市市,石川県野々市市,3,30代,0.3333333333333333,0.6666666666666666,0.33333333333333337,0.3333333333333333,就業中,0.6666666666666666,5.0,36.59,136.63
石川県,白山市,石川県白山市,3,50代,0.6666666666666666,0.3333333333333333,0.6666666666666667,0.0,就業中,0.6666666666666666,3.3333333333333335,36.59,136.63
広島県,安芸郡海田町,広島県安芸郡海田町,3,30代,0.3333333333333333,0.0,1.0,0.0,離職中,0.6666666666666666,1.0,34.4,132.46
愛知県,愛知郡東郷町,愛知県愛知郡東郷町,3,30代,0.3333333333333333,0.6666666666666666,0.33333333333333337,0.3333333333333333,就業中,1.0,3.3333333333333335,35.18,136.91
岐阜県,瑞穂市,岐阜県瑞穂市,3,60代,0.3333333333333333,1.0,0.0,0.6666666666666666,離職中,0.6666666666666666,5.333333333333333,35.39,136.72
福岡県,糸島市,福岡県糸島市,3,20代,0.3333333333333333,0.3333333333333333,0.6666666666666667,0.0,就業中,0.6666666666666666,3.6666666666666665,33.61,130.42
岐阜県,高山市,岐阜県高山市,3,20代,0.6666666666666666,1.0,0.0,0.6666666666666666,離職中,0.6666666666666666,5.666666666666667,35.39,136.72
神奈川県,逗子市,神奈川県逗子市,3,50代,0.6666666666666666,0.6666666666666666,0.33333333333333337,0.3333333333333333,離職中,0.6666666666666666,1.6666666666666667,35.45,139.64
沖縄県,南城市,沖縄県南城市,3,20代,0.6666666666666666,0.3333333333333333,0.6666666666666667,0.0,就業中,0.6666666666666666,3.3333333333333335,26.21,127.68
埼玉県,飯能市,埼玉県飯能市,3,40代,0.3333333333333333,0.3333333333333333,0.6666666666666667,0.0,就業中,0.6666666666666666,3.3333333333333335,35.86,139.65
愛知県,北名古屋市,愛知県北名古屋市,3,60代,0.6666666666666666,0.6666666666666666,0.33333333333333337,0.3333333333333333,離職中,0.6666666666666666,3.3333333333333335,35.18,136.91
愛知県,日進市,愛知県日進市,3,60代,0.3333333333333333,0.6666666666666666,0.33333333333333337,0.3333333333333333,就業中,0.6666666666666666,3.0,35.18,136.91
神奈川県,南足柄市,神奈川県南足柄市,3,40代,0.6666666666666666,0.6666666666666666,0.33333333333333337,0.3333333333333333,離職中,0.6666666666666666,1.6666666666666667,35.45,139.64
愛知県,愛西市,愛知県愛西市,3,60代,0.6666666666666666,0.6666666666666666,0.33333333333333337,0.3333333333333333,離職中,0.6666666666666666,3.3333333333333335,35.18,136.91
徳島県,吉野川市,徳島県吉野川市,3,20代,1.0,0.6666666666666666,0.33333333333333337,0.0,就業中,1.0,2.3333333333333335,34.07,134.56
神奈川県,中郡二宮町,神奈川県中郡二宮町,3,40代,0.6666666666666666,0.0,1.0,0.0,就業中,0.6666666666666666,3.3333333333333335,35.45,139.64
宮城県,仙台市泉区,宮城県仙台市泉区,3,20代,0.3333333333333333,0.6666666666666666,0.33333333333333337,0.3333333333333333,就業中,0.6666666666666666,3.3333333333333335,38.27,140.87
北海道,旭川市,北海道旭川市,3,40代,0.3333333333333333,0.6666666666666666,0.33333333333333337,0.0,就業中,1.0,4.333333333333333,43.06,141.35
東京都,福生市,東京都福生市,3,30代,1.0,0.6666666666666666,0.33333333333333337,0.0,就業中,0.6666666666666666,1.3333333333333333,35.69,139.69
愛知県,東海市,愛知県東海市,3,60代,0.3333333333333333,1.0,0.0,0.3333333333333333,就業中,0.6666666666666666,3.3333333333333335,35.18,136.91
愛知県,知立市,愛知県知立市,3,20代,0.3333333333333333,0.6666666666666666,0.33333333333333337,0.3333333333333333,就業中,0.6666666666666666,1.6666666666666667,35.18,136.91
千葉県,八街市,千葉県八街市,3,20代,0.3333333333333333,0.3333333333333333,0.6666666666666667,0.0,就業中,0.6666666666666666,0.6666666666666666,35.61,140.11
兵庫県,養父市,兵庫県養父市,3,40代,0.3333333333333333,0.6666666666666666,0.33333333333333337,0.0,就業中,1.0,2.0,34.69,135.18
青森県,,青森県,3,40代,0.6666666666666666,0.0,1.0,0.0,就業中,1.0,4.333333333333333,40.82,140.74
兵庫県,揖保郡太子町,兵庫県揖保郡太子町,3,70歳以上,0.6666666666666666,0.6666666666666666,0.33333333333333337,0.6666666666666666,就業中,0.6666666666666666,4.666666666666667,34.69,135.18
奈良県,吉野郡下市町,奈良県吉野郡下市町,3,20代,0.3333333333333333,0.0,1.0,0.0,就業中,0.6666666666666666,2.6666666666666665,34.69,135.83
奈良県,吉野郡吉野町,奈良県吉野郡吉野町,3,20代,0.6666666666666666,0.6666666666666666,0.33333333333333337,0.0,就業中,1.0,5.0,34.69,135.83
京都府,与謝郡伊根町,京都府与謝郡伊根町,3,30代,0.3333333333333333,0.6666666666666666,0.33333333333333337,0.0,就業中,0.6666666666666666,1.3333333333333333,35.02,135.75
長崎県,対馬市,長崎県対馬市,2,50代,1.0,0.0,1.0,0.5,就業中,0.5,2.5,32.75,129.88
鹿児島県,霧島市,鹿児島県霧島市,2,30代,0.5,0.5,0.5,0.0,在学中,0.5,2.5,31.56,130.56
福井県,福井市,福井県福井市,2,20代,0.5,1.0,0.0,0.5,就業中,0.5,7.0,36.07,136.22
佐賀県,唐津市,佐賀県唐津市,2,20代,0.5,0.0,1.0,0.0,離職中,0.5,1.5,33.25,130.3
福岡県,小郡市,福岡県小郡市,2,20代,0.5,0.5,0.5,0.0,離職中,1.0,1.0,33.61,130.42
岡山県,岡山市南区,岡山県岡山市南区,2,40代,0.5,1.0,0.0,0.0,離職中,0.5,4.5,34.66,133.92
大阪府,南河内郡河南町,大阪府南河内郡河南町,2,50代,0.5,0.0,1.0,0.0,離職中,1.0,2.0,34.69,135.5
福岡県,糟屋郡須惠町,福岡県糟屋郡須惠町,2,60代,0.5,0.5,0.5,0.5,就業中,1.0,2.5,33.61,130.42
大阪府,泉南郡岬町,大阪府泉南郡岬町,2,20代,0.5,0.0,1.0,0.0,離職中,0.5,2.0,34.69,135.5
熊本県,天草市,熊本県天草市,2,20代,1.0,0.0,1.0,0.0,離職中,1.0,0.5,32.79,130.71
神奈川県,愛甲郡愛川町,神奈川県愛甲郡愛川町,2,50代,0.5,0.5,0.5,0.5,離職中,0.5,10.0,35.45,139.64
岐阜県,中津川市,岐阜県中津川市,2,60代,0.5,1.0,0.0,0.5,離職中,0.5,2.0,35.39,136.72
岐阜県,恵那市,岐阜県恵那市,2,60代,0.5,1.0,0.0,1.0,離職中,1.0,5.0,35.39,136.72
愛知県,額田郡幸田町,愛知県額田郡幸田町,2,60代,0.5,1.0,0.0,0.5,離職中,0.5,4.0,35.18,136.91
愛知県,知多郡東浦町,愛知県知多郡東浦町,2,60代,1.0,1.0,0.0,0.5,離職中,1.0,2.0,35.18,136.91
愛知県,長久手市,愛知県長久手市,2,60代,0.5,1.0,0.0,0.5,離職中,0.5,4.0,35.18,136.91
兵庫県,神崎郡市川町,兵庫県神崎郡市川町,2,60代,0.5,0.0,1.0,0.0,就業中,1.0,2.5,34.69,135.18
茨城県,稲敷市,茨城県稲敷市,2,50代,0.5,0.0,1.0,0.0,離職中,0.5,1.5,36.34,140.45
埼玉県,比企郡川島町,埼玉県比企郡川島町,2,40代,0.5,0.5,0.5,0.0,離職中,0.5,4.5,35.86,139.65
茨城県,筑西市,茨城県筑西市,2,20代,0.5,1.0,0.0,0.0,就業中,0.5,5.0,36.34,140.45
熊本県,合志市,熊本県合志市,2,20代,1.0,0.5,0.5,0.0,就業中,0.5,3.0,32.79,130.71
北海道,札幌市南区,北海道札幌市南区,2,20代,0.5,0.5,0.5,0.0,就業中,1.0,4.0,43.06,141.35
山梨県,笛吹市,山梨県笛吹市,2,40代,0.5,1.0,0.0,0.0,離職中,0.5,2.0,35.66,138.57
東京都,清瀬市,東京都清瀬市,2,30代,0.5,1.0,0.0,0.0,就業中,1.0,4.0,35.69,139.69
長崎県,佐世保市,長崎県佐世保市,2,60代,0.5,0.0,1.0,0.5,就業中,1.0,2.5,32.75,129.88
奈良県,宇陀市,奈良県宇陀市,2,50代,0.5,0.5,0.5,0.0,離職中,0.5,2.0,34.69,135.83
兵庫県,たつの市,兵庫県たつの市,2,40代,0.5,0.5,0.5,0.0,離職中,0.5,3.0,34.69,135.18
熊本県,水俣市,熊本県水俣市,2,20代,0.5,1.0,0.0,0.0,就業中,1.0,3.5,32.79,130.71
徳島県,板野郡藍住町,徳島県板野郡藍住町,2,20代,1.0,1.0,0.0,0.0,就業中,1.0,3.0,34.07,134.56
徳島県,徳島市,徳島県徳島市,2,20代,1.0,1.0,0.0,0.0,就業中,1.0,3.0,34.07,134.56
宮城県,名取市,宮城県名取市,2,30代,0.5,1.0,0.0,0.0,就業中,1.0,4.0,38.27,140.87
福岡県,北九州市八幡東区,福岡県北九州市八幡東区,2,20代,1.0,0.5,0.5,0.0,就業中,1.0,3.5,33.61,130.42
兵庫県,加西市,兵庫県加西市,2,20代,1.0,1.0,0.0,0.0,就業中,0.5,4.0,34.69,135.18
北海道,札幌市豊平区,北海道札幌市豊平区,2,20代,0.5,1.0,0.0,0.5,就業中,1.0,4.5,43.06,141.35
千葉県,山武市,千葉県山武市,2,20代,1.0,0.5,0.5,0.0,就業中,1.0,3.5,35.61,140.11
福岡県,直方市,福岡県直方市,2,20代,0.5,0.5,0.5,0.0,就業中,0.5,4.5,33.61,130.42
愛知県,丹羽郡扶桑町,愛知県丹羽郡扶桑町,2,60代,1.0,0.5,0.5,0.5,離職中,1.0,2.0,35.18,136.91
愛知県,海部郡蟹江町,愛知県海部郡蟹江町,2,60代,0.5,0.5,0.5,0.5,離職中,0.5,1.5,35.18,136.91
静岡県,浜松市東区,静岡県浜松市東区,2,60代,0.5,1.0,0.0,0.5,離職中,0.5,4.0,34.98,138.38
静岡県,浜松市西区,静岡県浜松市西区,2,60代,0.5,1.0,0.0,0.5,離職中,0.5,4.0,34.98,138.38
静岡県,浜松市浜名区,静岡県浜松市浜名区,2,60代,0.5,1.0,0.0,0.5,離職中,0.5,4.0,34.98,138.38
岡山県,瀬戸内市,岡山県瀬戸内市,2,60代,1.0,0.5,0.5,0.0,就業中,1.0,4.5,34.66,133.92
埼玉県,秩父郡長瀞町,埼玉県秩父郡長瀞町,2,60代,0.5,0.5,0.5,0.0,就業中,1.0,5.0,35.86,139.65
栃木県,真岡市,栃木県真岡市,2,60代,1.0,0.0,1.0,0.0,就業中,1.0,4.5,36.57,139.88
東京都,羽村市,東京都羽村市,2,60代,0.5,0.5,0.5,0.0,就業中,1.0,5.0,35.69,139.69
群馬県,藤岡市,群馬県藤岡市,2,60代,0.5,0.5,0.5,0.0,就業中,1.0,5.0,36.39,139.06
栃木県,佐野市,栃木県佐野市,2,60代,1.0,0.0,1.0,0.0,就業中,1.0,6.5,36.57,139.88
茨城県,桜川市,茨城県桜川市,2,60代,1.0,0.0,1.0,0.0,就業中,1.0,7.0,36.34,140.45
神奈川県,三浦郡葉山町,神奈川県三浦郡葉山町,2,40代,0.5,0.0,1.0,0.0,就業中,0.5,3.0,35.45,139.64
山形県,,山形県,2,40代,1.0,0.0,1.0,0.0,就業中,1.0,4.0,38.25,140.34
鳥取県,,鳥取県,2,40代,1.0,0.0,1.0,0.0,就業中,1.0,4.0,35.5,134.23
栃木県,鹿沼市,栃木県鹿沼市,2,60代,1.0,0.0,1.0,0.0,就業中,1.0,4.5,36.57,139.88
福岡県,北九州市小倉北区,福岡県北九州市小倉北区,2,20代,0.5,0.5,0.5,0.5,就業中,1.0,4.0,33.61,130.42
岐阜県,土岐市,岐阜県土岐市,2,30代,0.5,1.0,0.0,0.5,就業中,0.5,2.0,35.39,136.72
愛知県,知多郡阿久比町,愛知県知多郡阿久比町,2,30代,0.5,1.0,0.0,0.5,就業中,0.5,2.0,35.18,136.91
千葉県,東金市,千葉県東金市,2,30代,0.5,1.0,0.0,0.0,就業中,1.0,4.0,35.61,140.11
千葉県,大網白里市,千葉県大網白里市,2,30代,1.0,1.0,0.0,0.0,就業中,1.0,1.5,35.61,140.11
千葉県,白井市,千葉県白井市,2,20代,0.5,1.0,0.0,0.0,就業中,0.5,4.0,35.61,140.11
山口県,下関市,山口県下関市,2,20代,1.0,1.0,0.0,0.0,就業中,1.0,3.0,34.19,131.47
山口県,岩国市,山口県岩国市,2,30代,0.5,0.0,1.0,0.0,就業中,0.5,1.5,34.19,131.47
広島県,安芸郡府中町,広島県安芸郡府中町,2,30代,0.5,0.0,1.0,0.0,就業中,0.5,0.5,34.4,132.46
神奈川県,足柄下郡箱根町,神奈川県足柄下郡箱根町,2,30代,0.5,0.5,0.5,0.0,就業中,1.0,3.5,35.45,139.64
長野県,小諸市,長野県小諸市,2,40代,0.5,1.0,0.0,0.5,就業中,0.5,3.0,36.65,138.18
鹿児島県,日置市,鹿児島県日置市,2,20代,0.5,0.0,1.0,0.0,離職中,0.5,3.0,31.56,130.56
東京都,西多摩郡檜原村,東京都西多摩郡檜原村,2,30代,0.5,0.0,1.0,0.0,離職中,1.0,1.0,35.69,139.69
北海道,札幌市手稲区,北海道札幌市手稲区,2,60代,0.5,1.0,0.0,0.0,就業中,0.5,2.0,43.06,141.35
石川県,河北郡内灘町,石川県河北郡内灘町,2,30代,0.5,0.5,0.5,0.0,就業中,1.0,3.5,36.59,136.63
石川県,七尾市,石川県七尾市,2,30代,0.5,0.5,0.5,0.0,就業中,1.0,1.0,36.59,136.63
長野県,佐久市,長野県佐久市,2,40代,0.5,1.0,0.0,0.5,就業中,0.5,3.0,36.65,138.18
山口県,,山口県,2,40代,1.0,0.0,1.0,0.0,就業中,1.0,4.0,34.19,131.47
高知県,,高知県,2,40代,1.0,0.0,1.0,0.0,就業中,1.0,4.0,33.56,133.53
佐賀県,,佐賀県,2,40代,0.5,0.0,1.0,0.0,就業中,1.0,2.5,33.25,130.3
長崎県,,長崎県,2,40代,0.5,0.0,1.0,0.0,就業中,1.0,2.5,32.75,129.88
静岡県,裾野市,静岡県裾野市,2,60代,0.5,0.5,0.5,0.0,就業中,1.0,3.0,34.98,138.38
岐阜県,加茂郡八百津町,岐阜県加茂郡八百津町,2,60代,0.5,0.5,0.5,0.5,離職中,0.5,1.5,35.39,136.72
福岡県,太宰府市,福岡県太宰府市,2,30代,0.5,1.0,0.0,0.0,離職中,0.5,3.5,33.61,130.42
埼玉県,児玉郡神川町,埼玉県児玉郡神川町,2,60代,1.0,0.0,1.0,0.0,就業中,1.0,4.5,35.86,139.65
静岡県,伊東市,静岡県伊東市,2,60代,0.5,0.5,0.5,0.0,就業中,1.0,2.5,34.98,138.38
茨城県,稲敷郡美浦村,茨城県稲敷郡美浦村,2,60代,0.5,0.5,0.5,0.0,就業中,1.0,5.5,36.34,140.45
青森県,八戸市,青森県八戸市,2,60代,0.5,0.0,1.0,0.0,就業中,0.5,4.0,40.82,140.74
岐阜県,海津市,岐阜県海津市,2,60代,0.5,1.0,0.0,0.5,離職中,0.5,4.0,35.39,136.72
愛知県,高浜市,愛知県高浜市,2,60代,0.5,0.5,0.5,0.5,離職中,0.5,1.5,35.18,136.91
静岡県,浜松市中央区,静岡県浜松市中央区,2,60代,0.5,1.0,0.0,0.5,離職中,0.5,1.0,34.98,138.38
愛知県,みよし市,愛知県みよし市,2,60代,0.5,0.5,0.5,0.5,離職中,0.5,1.5,35.18,136.91
岐阜県,羽島市,岐阜県羽島市,2,60代,0.5,1.0,0.0,0.5,離職中,0.5,4.0,35.39,136.72
新潟県,新潟市中央区,新潟県新潟市中央区,2,60代,0.5,0.5,0.5,0.0,就業中,1.0,5.0,37.9,139.02
沖縄県,名護市,沖縄県名護市,2,40代,0.5,0.5,0.5,0.0,就業中,1.0,4.5,26.21,127.68
北海道,札幌市北区,北海道札幌市北区,2,50代,0.5,0.5,0.5,0.0,離職中,0.5,8.5,43.06,141.35
栃木県,大田原市,栃木県大田原市,2,30代,0.5,0.5,0.5,0.0,就業中,1.0,5.0,36.57,139.88
奈良県,磯城郡川西町,奈良県磯城郡川西町,2,50代,0.5,0.5,0.5,0.0,就業中,1.0,1.5,34.69,135.83
宮城県,仙台市太白区,宮城県仙台市太白区,2,30代,0.5,1.0,0.0,0.0,就業中,1.0,4.0,38.27,140.87
岩手県,盛岡市,岩手県盛岡市,2,30代,0.5,0.5,0.5,0.0,就業中,0.5,2.0,39.7,141.15
静岡県,沼津市,静岡県沼津市,2,30代,0.5,1.0,0.0,0.0,就業中,1.0,4.0,34.98,138.38
大分県,,大分県,2,40代,1.0,0.5,0.5,0.0,就業中,0.5,2.0,33.24,131.61
宮崎県,,宮崎県,2,40代,0.5,0.0,1.0,0.0,就業中,1.0,2.5,31.91,131.42
群馬県,渋川市,群馬県渋川市,2,30代,0.5,0.5,0.5,0.0,就業中,1.0,3.0,36.39,139.06
埼玉県,児玉郡上里町,埼玉県児玉郡上里町,2,30代,0.5,0.5,0.5,0.0,就業中,1.0,3.0,35.86,139.65
岐阜県,安八郡神戸町,岐阜県安八郡神戸町,2,30代,0.5,1.0,0.0,0.5,就業中,0.5,2.0,35.39,136.72
石川県,かほく市,石川県かほく市,2,30代,0.5,0.5,0.5,0.0,就業中,1.0,3.5,36.59,136.63
石川県,河北郡津幡町,石川県河北郡津幡町,2,30代,0.5,0.5,0.5,0.0,就業中,1.0,3.5,36.59,136.63
大阪府,南河内郡太子町,大阪府南河内郡太子町,2,50代,0.5,0.5,0.5,0.0,就業中,1.0,3.0,34.69,135.5
奈良県,吉野郡下北山村,奈良県吉野郡下北山村,2,50代,0.5,0.5,0.5,0.0,就業中,1.0,2.5,34.69,135.83
三重県,いなべ市,三重県いなべ市,2,40代,0.5,1.0,0.0,0.0,就業中,1.0,1.5,34.73,136.51
沖縄県,石垣市,沖縄県石垣市,2,50代,0.5,1.0,0.0,0.0,離職中,0.5,4.0,26.21,127.68
滋賀県,愛知郡愛荘町,滋賀県愛知郡愛荘町,2,60代,0.5,1.0,0.0,0.0,就業中,1.0,0.5,35.0,135.87
広島県,広島市安芸区,広島県広島市安芸区,2,30代,0.5,0.5,0.5,0.0,就業中,0.5,3.0,34.4,132.46
山梨県,甲斐市,山梨県甲斐市,2,30代,0.5,1.0,0.0,0.0,就業中,0.5,2.5,35.66,138.57
大分県,日田市,大分県日田市,2,40代,0.5,0.5,0.5,0.0,離職中,0.5,4.0,33.24,131.61
大分県,中津市,大分県中津市,2,40代,1.0,0.5,0.5,0.0,離職中,0.5,2.0,33.24,131.61
香川県,丸亀市,香川県丸亀市,2,40代,0.5,0.0,1.0,0.5,就業中,0.5,9.5,34.34,134.04
香川県,小豆郡小豆島町,香川県小豆郡小豆島町,2,40代,0.5,0.5,0.5,0.0,就業中,1.0,12.0,34.34,134.04
香川県,木田郡三木町,香川県木田郡三木町,2,40代,0.5,0.5,0.5,0.0,就業中,1.0,12.0,34.34,134.04
石川県,能美市,石川県能美市,2,50代,0.5,0.5,0.5,0.0,就業中,1.0,3.5,36.59,136.63
石川県,小松市,石川県小松市,2,50代,0.5,0.5,0.5,0.0,就業中,1.0,3.5,36.59,136.63
静岡県,掛川市,静岡県掛川市,2,60代,0.5,0.5,0.5,0.5,就業中,1.0,3.0,34.98,138.38
茨城県,那珂市,茨城県那珂市,2,60代,0.5,0.5,0.5,0.0,就業中,1.0,5.0,36.34,140.45
茨城県,常総市,茨城県常総市,2,60代,0.5,0.5,0.5,0.0,就業中,1.0,5.0,36.34,140.45
福井県,敦賀市,福井県敦賀市,2,30代,0.5,0.5,0.5,0.0,就業中,0.5,1.0,36.07,136.22
福岡県,糟屋郡宇美町,福岡県糟屋郡宇美町,2,60代,0.5,1.0,0.0,0.5,就業中,1.0,4.0,33.61,130.42
茨城県,鹿嶋市,茨城県鹿嶋市,2,60代,0.5,0.5,0.5,0.0,就業中,1.0,5.0,36.34,140.45
大阪府,泉北郡忠岡町,大阪府泉北郡忠岡町,2,60代,0.5,1.0,0.0,0.5,離職中,0.5,5.0,34.69,135.5
鹿児島県,姶良市,鹿児島県姶良市,2,60代,0.5,0.5,0.5,0.5,離職中,0.5,4.0,31.56,130.56
栃木県,那須塩原市,栃木県那須塩原市,2,30代,0.5,1.0,0.0,0.5,就業中,0.5,1.5,36.57,139.88
茨城県,北相馬郡利根町,茨城県北相馬郡利根町,2,30代,0.5,0.5,0.5,0.0,就業中,1.0,2.5,36.34,140.45
茨城県,結城郡八千代町,茨城県結城郡八千代町,2,60代,0.5,0.0,1.0,0.0,就業中,1.0,2.5,36.34,140.45
茨城県,古河市,茨城県古河市,2,60代,0.5,0.0,1.0,0.0,就業中,1.0,6.0,36.34,140.45
福岡県,糟屋郡志免町,福岡県糟屋郡志免町,2,30代,0.5,1.0,0.0,0.0,離職中,0.5,1.5,33.61,130.42
兵庫県,洲本市,兵庫県洲本市,2,50代,0.5,0.0,1.0,0.0,離職中,0.5,3.5,34.69,135.18
新潟県,,新潟県,2,60代,0.5,0.0,1.0,0.0,就業中,1.0,4.0,37.9,139.02
千葉県,富里市,千葉県富里市,2,60代,0.5,0.5,0.5,0.0,就業中,1.0,2.5,35.61,140.11
福岡県,柳川市,福岡県柳川市,2,50代,1.0,0.5,0.5,0.5,就業中,0.5,3.0,33.61,130.42
和歌山県,海南市,和歌山県海南市,2,60代,0.5,0.0,1.0,0.0,就業中,1.0,4.0,34.23,135.17
埼玉県,秩父市,埼玉県秩父市,2,60代,0.5,0.5,0.5,0.0,就業中,1.0,7.5,35.86,139.65
栃木県,日光市,栃木県日光市,2,60代,0.5,0.0,1.0,0.0,就業中,0.5,5.5,36.57,139.88
福岡県,中間市,福岡県中間市,2,70歳以上,0.5,0.5,0.5,0.5,離職中,1.0,5.5,33.61,130.42
福岡県,鞍手郡鞍手町,福岡県鞍手郡鞍手町,2,70歳以上,0.5,0.5,0.5,0.5,離職中,1.0,5.0,33.61,130.42
福島県,須賀川市,福島県須賀川市,2,70歳以上,0.5,0.5,0.5,0.5,離職中,0.5,2.5,37.75,140.47
山形県,米沢市,山形県米沢市,2,20代,0.5,0.0,1.0,0.0,就業中,0.5,1.0,38.25,140.34
山口県,山陽小野田市,山口県山陽小野田市,2,20代,1.0,0.5,0.5,0.0,就業中,1.0,0.5,34.19,131.47
愛媛県,伊予市,愛媛県伊予市,2,40代,0.5,1.0,0.0,0.0,在学中,0.5,2.5,33.84,132.77
岩手県,一関市,岩手県一関市,2,70歳以上,0.5,0.5,0.5,0.0,離職中,0.5,1.5,39.7,141.15
東京都,西多摩郡日の出町,東京都西多摩郡日の出町,2,70歳以上,0.5,0.5,0.5,0.0,離職中,0.5,1.5,35.69,139.69
和歌山県,紀の川市,和歌山県紀の川市,2,20代,0.5,0.0,1.0,0.0,就業中,0.5,3.0,34.23,135.17
兵庫県,神崎郡神河町,兵庫県神崎郡神河町,2,50代,0.5,0.5,0.5,0.0,就業中,1.0,3.0,34.69,135.18
奈良県,高市郡明日香村,奈良県高市郡明日香村,1,20代,1.0,0.0,1.0,0.0,就業中,1.0,4.0,34.69,135.83
三重県,多気郡多気町,三重県多気郡多気町,1,30代,1.0,1.0,0.0,0.0,就業中,1.0,1.0,34.73,136.51
三重県,鳥羽市,三重県鳥羽市,1,30代,1.0,1.0,0.0,0.0,就業中,1.0,1.0,34.73,136.51
三重県,北牟婁郡紀北町,三重県北牟婁郡紀北町,1,30代,1.0,1.0,0.0,0.0,就業中,1.0,1.0,34.73,136.51
長野県,塩尻市,長野県塩尻市,1,60代,1.0,1.0,0.0,0.0,離職中,1.0,1.0,36.65,138.18
北海道,札幌市白石区,北海道札幌市白石区,1,40代,1.0,0.0,1.0,0.0,就業中,1.0,2.0,43.06,141.35
奈良県,宇陀郡御杖村,奈良県宇陀郡御杖村,1,60代,1.0,1.0,0.0,0.0,就業中,1.0,1.0,34.69,135.83
山形県,鶴岡市,山形県鶴岡市,1,70歳以上,1.0,0.0,1.0,0.0,離職中,1.0,1.0,38.25,140.34
三重県,員弁郡東員町,三重県員弁郡東員町,1,20代,1.0,1.0,0.0,0.0,就業中,1.0,1.0,34.73,136.51
高知県,香南市,高知県香南市,1,40代,1.0,1.0,0.0,0.0,在学中,1.0,2.0,33.56,133.53
福島県,西白河郡矢吹町,福島県西白河郡矢吹町,1,70歳以上,1.0,0.0,1.0,0.0,離職中,1.0,2.0,37.75,140.47
東京都,武蔵村山市,東京都武蔵村山市,1,70歳以上,1.0,0.0,1.0,0.0,離職中,1.0,2.0,35.69,139.69
岩手県,花巻市,岩手県花巻市,1,70歳以上,1.0,0.0,1.0,0.0,離職中,1.0,2.0,39.7,141.15
宮崎県,児湯郡木城町,宮崎県児湯郡木城町,1,50代,1.0,0.0,1.0,0.0,離職中,1.0,4.0,31.91,131.42
兵庫県,赤穂市,兵庫県赤穂市,1,20代,1.0,1.0,0.0,0.0,就業中,1.0,0.0,34.69,135.18
岡山県,笠岡市,岡山県笠岡市,1,20代,1.0,1.0,0.0,0.0,就業中,1.0,0.0,34.66,133.92
山形県,寒河江市,山形県寒河江市,1,20代,1.0,0.0,1.0,0.0,就業中,1.0,1.0,38.25,140.34
千葉県,君津市,千葉県君津市,1,20代,1.0,0.0,1.0,0.0,就業中,1.0,1.0,35.61,140.11
茨城県,高萩市,茨城県高萩市,1,20代,1.0,0.0,1.0,0.0,就業中,1.0,1.0,36.34,140.45
静岡県,御前崎市,静岡県御前崎市,1,20代,1.0,0.0,1.0,0.0,就業中,1.0,1.0,34.98,138.38
茨城県,つくばみらい市,茨城県つくばみらい市,1,70歳以上,1.0,0.0,1.0,0.0,離職中,1.0,2.0,36.34,140.45
福島県,会津若松市,福島県会津若松市,1,70歳以上,1.0,0.0,1.0,0.0,離職中,1.0,2.0,37.75,140.47
熊本県,葦北郡津奈木町,熊本県葦北郡津奈木町,1,60代,1.0,1.0,0.0,0.0,就業中,1.0,1.0,32.79,130.71
鹿児島県,出水市,鹿児島県出水市,1,60代,1.0,1.0,0.0,0.0,就業中,1.0,1.0,31.56,130.56
岐阜県,下呂市,岐阜県下呂市,1,70歳以上,1.0,1.0,0.0,1.0,離職中,1.0,8.0,35.39,136.72
広島県,竹原市,広島県竹原市,1,30代,1.0,0.0,1.0,0.0,離職中,1.0,1.0,34.4,132.46
愛知県,丹羽郡大口町,愛知県丹羽郡大口町,1,60代,1.0,0.0,1.0,0.0,離職中,1.0,2.0,35.18,136.91
静岡県,御殿場市,静岡県御殿場市,1,60代,1.0,0.0,1.0,0.0,離職中,1.0,2.0,34.98,138.38
岐阜県,美濃市,岐阜県美濃市,1,50代,1.0,1.0,0.0,1.0,就業中,1.0,3.0,35.39,136.72
佐賀県,神埼市,佐賀県神埼市,1,20代,1.0,0.0,1.0,0.0,離職中,1.0,1.0,33.25,130.3
徳島県,阿南市,徳島県阿南市,1,30代,1.0,1.0,0.0,0.0,就業中,1.0,5.0,34.07,134.56
埼玉県,坂戸市,埼玉県坂戸市,1,60代,1.0,0.0,1.0,0.0,就業中,1.0,9.0,35.86,139.65
埼玉県,行田市,埼玉県行田市,1,60代,1.0,0.0,1.0,0.0,就業中,1.0,9.0,35.86,139.65
埼玉県,比企郡小川町,埼玉県比企郡小川町,1,60代,1.0,0.0,1.0,0.0,就業中,1.0,9.0,35.86,139.65
静岡県,浜松市浜北区,静岡県浜松市浜北区,1,40代,1.0,1.0,0.0,0.0,離職中,1.0,1.0,34.98,138.38
兵庫県,相生市,兵庫県相生市,1,70歳以上,1.0,0.0,1.0,0.0,就業中,1.0,3.0,34.69,135.18
兵庫県,宍粟市,兵庫県宍粟市,1,70歳以上,1.0,0.0,1.0,0.0,就業中,1.0,3.0,34.69,135.18
山梨県,南都留郡富士河口湖町,山梨県南都留郡富士河口湖町,1,50代,1.0,1.0,0.0,1.0,就業中,1.0,3.0,35.66,138.57
宮城県,塩竈市,宮城県塩竈市,1,50代,1.0,1.0,0.0,1.0,就業中,1.0,3.0,38.27,140.87
愛知県,新城市,愛知県新城市,1,50代,1.0,1.0,0.0,1.0,就業中,1.0,3.0,35.18,136.91
鹿児島県,肝属郡錦江町,鹿児島県肝属郡錦江町,1,50代,1.0,1.0,0.0,1.0,就業中,1.0,3.0,31.56,130.56
宮崎県,都城市,宮崎県都城市,1,50代,1.0,0.0,1.0,0.0,離職中,1.0,2.0,31.91,131.42
青森県,三沢市,青森県三沢市,1,20代,1.0,1.0,0.0,0.0,就業中,1.0,1.0,40.82,140.74
広島県,三次市,広島県三次市,1,50代,1.0,1.0,0.0,0.0,離職中,1.0,1.0,34.4,132.46
群馬県,みどり市,群馬県みどり市,1,60代,1.0,1.0,0.0,0.0,離職中,1.0,2.0,36.39,139.06
広島県,安芸高田市,広島県安芸高田市,1,20代,1.0,0.0,1.0,0.0,離職中,1.0,0.0,34.4,132.46
広島県,東広島市,広島県東広島市,1,20代,1.0,0.0,1.0,0.0,離職中,1.0,0.0,34.4,132.46
宮城県,加美郡加美町,宮城県加美郡加美町,1,20代,1.0,0.0,1.0,0.0,離職中,1.0,0.0,38.27,140.87
鹿児島県,南九州市,鹿児島県南九州市,1,30代,1.0,0.0,1.0,0.0,在学中,1.0,2.0,31.56,130.56
奈良県,高市郡高取町,奈良県高市郡高取町,1,20代,1.0,0.0,1.0,0.0,就業中,1.0,4.0,34.69,135.83
佐賀県,三養基郡基山町,佐賀県三養基郡基山町,1,30代,1.0,1.0,0.0,0.0,離職中,1.0,1.0,33.25,130.3
和歌山県,西牟婁郡白浜町,和歌山県西牟婁郡白浜町,1,40代,1.0,0.0,1.0,0.0,就業中,1.0,2.0,34.23,135.17
山梨県,都留市,山梨県都留市,1,60代,1.0,0.0,1.0,0.0,就業中,1.0,5.0,35.66,138.57
長野県,大町市,長野県大町市,1,60代,1.0,0.0,1.0,0.0,就業中,1.0,4.0,36.65,138.18
富山県,富山市,富山県富山市,1,60代,1.0,0.0,1.0,0.0,就業中,1.0,4.0,36.7,137.21
茨城県,石岡市,茨城県石岡市,1,60代,1.0,0.0,1.0,0.0,就業中,1.0,4.0,36.34,140.45
新潟県,新潟市北区,新潟県新潟市北区,1,60代,1.0,0.0,1.0,0.0,就業中,1.0,4.0,37.9,139.02
茨城県,常陸太田市,茨城県常陸太田市,1,60代,1.0,0.0,1.0,0.0,就業中,1.0,4.0,36.34,140.45
福岡県,豊前市,福岡県豊前市,1,40代,1.0,0.0,1.0,0.0,離職中,1.0,2.0,33.61,130.42
北海道,釧路市,北海道釧路市,1,60代,1.0,1.0,0.0,1.0,離職中,1.0,4.0,43.06,141.35
広島県,三原市,広島県三原市,1,50代,1.0,1.0,0.0,0.0,離職中,1.0,2.0,34.4,132.46
千葉県,印旛郡酒々井町,千葉県印旛郡酒々井町,1,30代,1.0,0.0,1.0,0.0,離職中,1.0,2.0,35.61,140.11
和歌山県,伊都郡かつらぎ町,和歌山県伊都郡かつらぎ町,1,30代,1.0,0.0,1.0,0.0,離職中,1.0,2.0,34.23,135.17
宮城県,宮城郡七ヶ浜町,宮城県宮城郡七ヶ浜町,1,30代,1.0,1.0,0.0,0.0,就業中,1.0,2.0,38.27,140.87
千葉県,山武郡横芝光町,千葉県山武郡横芝光町,1,30代,1.0,1.0,0.0,0.0,就業中,1.0,2.0,35.61,140.11
群馬県,邑楽郡邑楽町,群馬県邑楽郡邑楽町,1,40代,1.0,0.0,1.0,0.0,就業中,1.0,3.0,36.39,139.06
山梨県,南巨摩郡身延町,山梨県南巨摩郡身延町,1,40代,1.0,0.0,1.0,0.0,就業中,1.0,3.0,35.66,138.57
静岡県,熱海市,静岡県熱海市,1,50代,1.0,0.0,1.0,0.0,離職中,1.0,11.0,34.98,138.38
福井県,三方郡美浜町,福井県三方郡美浜町,1,40代,1.0,1.0,0.0,0.0,離職中,1.0,1.0,36.07,136.22
新潟県,新発田市,新潟県新発田市,1,30代,1.0,1.0,0.0,0.0,就業中,1.0,2.0,37.9,139.02
静岡県,浜松市北区,静岡県浜松市北区,1,60代,1.0,1.0,0.0,1.0,離職中,1.0,2.0,34.98,138.38
群馬県,富岡市,群馬県富岡市,1,60代,1.0,0.0,1.0,0.0,就業中,1.0,4.0,36.39,139.06
茨城県,龍ケ崎市,茨城県龍ケ崎市,1,60代,1.0,0.0,1.0,0.0,就業中,1.0,5.0,36.34,140.45
茨城県,常陸大宮市,茨城県常陸大宮市,1,60代,1.0,0.0,1.0,0.0,就業中,1.0,5.0,36.34,140.45
岩手県,久慈市,岩手県久慈市,1,60代,1.0,0.0,1.0,0.0,就業中,1.0,5.0,39.7,141.15
千葉県,銚子市,千葉県銚子市,1,60代,1.0,0.0,1.0,0.0,就業中,1.0,4.0,35.61,140.11
群馬県,北群馬郡榛東村,群馬県北群馬郡榛東村,1,60代,1.0,0.0,1.0,0.0,就業中,1.0,4.0,36.39,139.06
新潟県,佐渡市,新潟県佐渡市,1,60代,1.0,0.0,1.0,0.0,就業中,1.0,4.0,37.9,139.02
新潟県,三条市,新潟県三条市,1,60代,1.0,0.0,1.0,0.0,就業中,1.0,4.0,37.9,139.02
群馬県,沼田市,群馬県沼田市,1,60代,1.0,0.0,1.0,0.0,就業中,1.0,4.0,36.39,139.06
群馬県,北群馬郡吉岡町,群馬県北群馬郡吉岡町,1,60代,1.0,0.0,1.0,0.0,就業中,1.0,4.0,36.39,139.06
千葉県,山武郡九十九里町,千葉県山武郡九十九里町,1,60代,1.0,0.0,1.0,0.0,就業中,1.0,4.0,35.61,140.11
青森県,黒石市,青森県黒石市,1,60代,1.0,0.0,1.0,0.0,就業中,1.0,5.0,40.82,140.74
青森県,青森市,青森県青森市,1,60代,1.0,0.0,1.0,0.0,就業中,1.0,5.0,40.82,140.74
新潟県,南魚沼市,新潟県南魚沼市,1,60代,1.0,0.0,1.0,0.0,就業中,1.0,4.0,37.9,139.02
栃木県,那須烏山市,栃木県那須烏山市,1,60代,1.0,0.0,1.0,0.0,就業中,1.0,4.0,36.57,139.88
静岡県,焼津市,静岡県焼津市,1,60代,1.0,0.0,1.0,0.0,就業中,1.0,4.0,34.98,138.38
静岡県,袋井市,静岡県袋井市,1,60代,1.0,0.0,1.0,0.0,就業中,1.0,4.0,34.98,138.38
埼玉県,大里郡寄居町,埼玉県大里郡寄居町,1,60代,1.0,0.0,1.0,0.0,就業中,1.0,4.0,35.86,139.65
愛知県,碧南市,愛知県碧南市,1,40代,1.0,1.0,0.0,0.0,就業中,1.0,2.0,35.18,136.91
徳島県,,徳島県,1,40代,1.0,0.0,1.0,0.0,就業中,1.0,3.0,34.07,134.56
福岡県,筑紫郡那珂川町,福岡県筑紫郡那珂川町,1,20代,1.0,1.0,0.0,0.0,就業中,1.0,6.0,33.61,130.42
佐賀県,嬉野市,佐賀県嬉野市,1,20代,1.0,1.0,0.0,0.0,就業中,1.0,6.0,33.25,130.3
佐賀県,鹿島市,佐賀県鹿島市,1,20代,1.0,1.0,0.0,0.0,就業中,1.0,6.0,33.25,130.3
佐賀県,小城市,佐賀県小城市,1,20代,1.0,1.0,0.0,0.0,就業中,1.0,6.0,33.25,130.3
福岡県,糟屋郡新宮町,福岡県糟屋郡新宮町,1,20代,1.0,1.0,0.0,0.0,就業中,1.0,6.0,33.61,130.42
静岡県,三島市,静岡県三島市,1,20代,1.0,1.0,0.0,0.0,就業中,1.0,6.0,34.98,138.38
宮崎県,北諸県郡三股町,宮崎県北諸県郡三股町,1,20代,1.0,1.0,0.0,0.0,就業中,1.0,6.0,31.91,131.42
山口県,萩市,山口県萩市,1,20代,1.0,1.0,0.0,0.0,就業中,1.0,6.0,34.19,131.47
秋田県,雄勝郡羽後町,秋田県雄勝郡羽後町,1,20代,1.0,1.0,0.0,0.0,就業中,1.0,6.0,39.72,140.1
秋田県,大館市,秋田県大館市,1,20代,1.0,1.0,0.0,0.0,就業中,1.0,6.0,39.72,140.1
山形県,西村山郡大江町,山形県西村山郡大江町,1,20代,1.0,1.0,0.0,0.0,就業中,1.0,6.0,38.25,140.34
東京都,稲城市,東京都稲城市,1,20代,1.0,1.0,0.0,0.0,就業中,1.0,6.0,35.69,139.69
宮城県,多賀城市,宮城県多賀城市,1,20代,1.0,1.0,0.0,0.0,就業中,1.0,6.0,38.27,140.87
福岡県,遠賀郡岡垣町,福岡県遠賀郡岡垣町,1,20代,1.0,1.0,0.0,0.0,就業中,1.0,6.0,33.61,130.42
愛知県,蒲郡市,愛知県蒲郡市,1,20代,1.0,1.0,0.0,0.0,就業中,1.0,6.0,35.18,136.91
福岡県,朝倉郡筑前町,福岡県朝倉郡筑前町,1,20代,1.0,1.0,0.0,0.0,就業中,1.0,6.0,33.61,130.42
沖縄県,中頭郡北谷町,沖縄県中頭郡北谷町,1,30代,1.0,1.0,0.0,0.0,就業中,1.0,2.0,26.21,127.68
沖縄県,国頭郡宜野座村,沖縄県国頭郡宜野座村,1,30代,1.0,1.0,0.0,0.0,就業中,1.0,2.0,26.21,127.68
福島県,伊達市,福島県伊達市,1,60代,1.0,1.0,0.0,0.0,離職中,1.0,3.0,37.75,140.47
秋田県,能代市,秋田県能代市,1,20代,1.0,1.0,0.0,0.0,就業中,1.0,6.0,39.72,140.1
広島県,大竹市,広島県大竹市,1,30代,1.0,0.0,1.0,0.0,就業中,1.0,1.0,34.4,132.46
広島県,安芸郡坂町,広島県安芸郡坂町,1,30代,1.0,0.0,1.0,0.0,就業中,1.0,1.0,34.4,132.46
埼玉県,比企郡嵐山町,埼玉県比企郡嵐山町,1,20代,1.0,1.0,0.0,0.0,就業中,1.0,6.0,35.86,139.65
静岡県,藤枝市,静岡県藤枝市,1,20代,1.0,1.0,0.0,0.0,就業中,1.0,6.0,34.98,138.38
静岡県,賀茂郡南伊豆町,静岡県賀茂郡南伊豆町,1,20代,1.0,1.0,0.0,0.0,就業中,1.0,6.0,34.98,138.38
山口県,防府市,山口県防府市,1,20代,1.0,1.0,0.0,0.0,就業中,1.0,6.0,34.19,131.47
福岡県,遠賀郡遠賀町,福岡県遠賀郡遠賀町,1,20代,1.0,1.0,0.0,0.0,就業中,1.0,6.0,33.61,130.42
山口県,大島郡周防大島町,山口県大島郡周防大島町,1,20代,1.0,1.0,0.0,0.0,就業中,1.0,6.0,34.19,131.47
岩手県,北上市,岩手県北上市,1,30代,1.0,1.0,0.0,0.0,就業中,1.0,2.0,39.7,141.15
岐阜県,揖斐郡池田町,岐阜県揖斐郡池田町,1,30代,1.0,1.0,0.0,0.0,就業中,1.0,2.0,35.39,136.72
北海道,苫小牧市,北海道苫小牧市,1,30代,1.0,1.0,0.0,0.0,就業中,1.0,2.0,43.06,141.35
茨城県,坂東市,茨城県坂東市,1,30代,1.0,1.0,0.0,0.0,就業中,1.0,2.0,36.34,140.45
福岡県,北九州市若松区,福岡県北九州市若松区,1,20代,1.0,1.0,0.0,0.0,就業中,1.0,6.0,33.61,130.42
富山県,砺波市,富山県砺波市,1,20代,1.0,1.0,0.0,0.0,就業中,1.0,6.0,36.7,137.21
富山県,射水市,富山県射水市,1,20代,1.0,1.0,0.0,0.0,就業中,1.0,6.0,36.7,137.21
神奈川県,中郡大磯町,神奈川県中郡大磯町,1,20代,1.0,1.0,0.0,0.0,就業中,1.0,6.0,35.45,139.64
佐賀県,佐賀市,佐賀県佐賀市,1,20代,1.0,1.0,0.0,0.0,就業中,1.0,6.0,33.25,130.3
宮城県,宮城郡利府町,宮城県宮城郡利府町,1,20代,1.0,1.0,0.0,0.0,就業中,1.0,6.0,38.27,140.87
静岡県,島田市,静岡県島田市,1,20代,1.0,1.0,0.0,0.0,就業中,1.0,6.0,34.98,138.38
山口県,周南市,山口県周南市,1,20代,1.0,1.0,0.0,0.0,就業中,1.0,6.0,34.19,131.47
山口県,光市,山口県光市,1,20代,1.0,1.0,0.0,0.0,就業中,1.0,6.0,34.19,131.47
大分県,速見郡日出町,大分県速見郡日出町,1,60代,1.0,0.0,1.0,1.0,就業中,1.0,2.0,33.24,131.61
大分県,別府市,大分県別府市,1,60代,1.0,0.0,1.0,1.0,就業中,1.0,2.0,33.24,131.61
栃木県,矢板市,栃木県矢板市,1,60代,1.0,0.0,1.0,0.0,就業中,1.0,4.0,36.57,139.88
茨城県,那珂郡東海村,茨城県那珂郡東海村,1,60代,1.0,0.0,1.0,0.0,就業中,1.0,4.0,36.34,140.45
静岡県,田方郡函南町,静岡県田方郡函南町,1,60代,1.0,0.0,1.0,0.0,就業中,1.0,4.0,34.98,138.38
静岡県,伊豆の国市,静岡県伊豆の国市,1,60代,1.0,0.0,1.0,0.0,就業中,1.0,4.0,34.98,138.38
長野県,千曲市,長野県千曲市,1,60代,1.0,0.0,1.0,0.0,就業中,1.0,4.0,36.65,138.18
岡山県,備前市,岡山県備前市,1,60代,1.0,0.0,1.0,0.0,就業中,1.0,4.0,34.66,133.92
新潟県,村上市,新潟県村上市,1,60代,1.0,0.0,1.0,0.0,就業中,1.0,4.0,37.9,139.02
新潟県,妙高市,新潟県妙高市,1,60代,1.0,0.0,1.0,0.0,就業中,1.0,4.0,37.9,139.02
福島県,いわき市,福島県いわき市,1,60代,1.0,0.0,1.0,0.0,就業中,1.0,4.0,37.75,140.47
愛知県,弥富市,愛知県弥富市,1,60代,1.0,1.0,0.0,1.0,離職中,1.0,2.0,35.18,136.91
岐阜県,可児郡御嵩町,岐阜県可児郡御嵩町,1,60代,1.0,1.0,0.0,1.0,離職中,1.0,2.0,35.39,136.72
岐阜県,加茂郡白川町,岐阜県加茂郡白川町,1,60代,1.0,1.0,0.0,1.0,離職中,1.0,2.0,35.39,136.72
岐阜県,本巣市,岐阜県本巣市,1,60代,1.0,1.0,0.0,1.0,離職中,1.0,2.0,35.39,136.72
岐阜県,加茂郡坂祝町,岐阜県加茂郡坂祝町,1,60代,1.0,1.0,0.0,1.0,離職中,1.0,2.0,35.39,136.72
岡山県,岡山市中区,岡山県岡山市中区,1,20代,1.0,1.0,0.0,0.0,就業中,1.0,6.0,34.66,133.92
沖縄県,宮古島市,沖縄県宮古島市,1,20代,1.0,1.0,0.0,0.0,就業中,1.0,6.0,26.21,127.68
佐賀県,多久市,佐賀県多久市,1,20代,1.0,1.0,0.0,0.0,就業中,1.0,6.0,33.25,130.3
沖縄県,浦添市,沖縄県浦添市,1,20代,1.0,1.0,0.0,0.0,就業中,1.0,6.0,26.21,127.68
北海道,二海郡八雲町,北海道二海郡八雲町,1,20代,1.0,1.0,0.0,0.0,就業中,1.0,6.0,43.06,141.35
山口県,下松市,山口県下松市,1,20代,1.0,1.0,0.0,0.0,就業中,1.0,6.0,34.19,131.47
岡山県,高梁市,岡山県高梁市,1,20代,1.0,1.0,0.0,0.0,就業中,1.0,6.0,34.66,133.92
北海道,虻田郡倶知安町,北海道虻田郡倶知安町,1,20代,1.0,1.0,0.0,0.0,就業中,1.0,6.0,43.06,141.35
秋田県,大仙市,秋田県大仙市,1,20代,1.0,1.0,0.0,0.0,就業中,1.0,6.0,39.72,140.1
神奈川県,三浦市,神奈川県三浦市,1,20代,1.0,1.0,0.0,0.0,就業中,1.0,6.0,35.45,139.64
茨城県,行方市,茨城県行方市,1,20代,1.0,1.0,0.0,0.0,就業中,1.0,6.0,36.34,140.45
北海道,河東郡音更町,北海道河東郡音更町,1,20代,1.0,1.0,0.0,0.0,就業中,1.0,6.0,43.06,141.35
山形県,上山市,山形県上山市,1,30代,1.0,1.0,0.0,0.0,就業中,1.0,2.0,38.25,140.34
千葉県,長生郡一宮町,千葉県長生郡一宮町,1,30代,1.0,1.0,0.0,0.0,就業中,1.0,2.0,35.61,140.11
秋田県,秋田市,秋田県秋田市,1,30代,1.0,1.0,0.0,0.0,就業中,1.0,2.0,39.72,140.1
長野県,飯田市,長野県飯田市,1,20代,1.0,1.0,0.0,0.0,就業中,1.0,6.0,36.65,138.18
佐賀県,武雄市,佐賀県武雄市,1,20代,1.0,1.0,0.0,0.0,就業中,1.0,6.0,33.25,130.3
沖縄県,国頭郡本部町,沖縄県国頭郡本部町,1,20代,1.0,1.0,0.0,0.0,就業中,1.0,6.0,26.21,127.68
北海道,千歳市,北海道千歳市,1,20代,1.0,1.0,0.0,0.0,就業中,1.0,6.0,43.06,141.35
新潟県,新潟市秋葉区,新潟県新潟市秋葉区,1,20代,1.0,1.0,0.0,0.0,就業中,1.0,6.0,37.9,139.02
新潟県,五泉市,新潟県五泉市,1,20代,1.0,1.0,0.0,0.0,就業中,1.0,6.0,37.9,139.02
宮城県,石巻市,宮城県石巻市,1,20代,1.0,1.0,0.0,0.0,就業中,1.0,6.0,38.27,140.87
愛媛県,新居浜市,愛媛県新居浜市,1,20代,1.0,1.0,0.0,0.0,就業中,1.0,6.0,33.84,132.77
富山県,高岡市,富山県高岡市,1,20代,1.0,1.0,0.0,0.0,就業中,1.0,6.0,36.7,137.21
静岡県,賀茂郡西伊豆町,静岡県賀茂郡西伊豆町,1,20代,1.0,1.0,0.0,0.0,就業中,1.0,6.0,34.98,138.38
福岡県,北九州市小倉南区,福岡県北九州市小倉南区,1,20代,1.0,1.0,0.0,0.0,就業中,1.0,6.0,33.61,130.42
熊本県,菊池郡菊陽町,熊本県菊池郡菊陽町,1,20代,1.0,1.0,0.0,0.0,就業中,1.0,6.0,32.79,130.71
愛知県,知多郡武豊町,愛知県知多郡武豊町,1,20代,1.0,1.0,0.0,0.0,就業中,1.0,6.0,35.18,136.91
宮崎県,延岡市,宮崎県延岡市,1,20代,1.0,1.0,0.0,0.0,就業中,1.0,6.0,31.91,131.42
山梨県,中央市,山梨県中央市,1,40代,1.0,1.0,0.0,0.0,離職中,1.0,3.0,35.66,138.57
山梨県,南アルプス市,山梨県南アルプス市,1,40代,1.0,1.0,0.0,0.0,離職中,1.0,3.0,35.66,138.57
佐賀県,西松浦郡有田町,佐賀県西松浦郡有田町,1,70歳以上,1.0,0.0,1.0,0.0,就業中,1.0,2.0,33.25,130.3
熊本県,菊池市,熊本県菊池市,1,20代,1.0,0.0,1.0,0.0,離職中,1.0,0.0,32.79,130.71
福岡県,大牟田市,福岡県大牟田市,1,20代,1.0,0.0,1.0,0.0,離職中,1.0,0.0,33.61,130.42
福岡県,筑後市,福岡県筑後市,1,20代,1.0,0.0,1.0,0.0,離職中,1.0,0.0,33.61,130.42
岡山県,浅口郡里庄町,岡山県浅口郡里庄町,1,40代,1.0,1.0,0.0,0.0,離職中,1.0,3.0,34.66,133.92
山梨県,甲州市,山梨県甲州市,1,40代,1.0,1.0,0.0,0.0,離職中,1.0,3.0,35.66,138.57
山梨県,山梨市,山梨県山梨市,1,40代,1.0,1.0,0.0,0.0,離職中,1.0,3.0,35.66,138.57
青森県,上北郡東北町,青森県上北郡東北町,1,30代,1.0,1.0,0.0,0.0,就業中,1.0,2.0,40.82,140.74
山梨県,北杜市,山梨県北杜市,1,40代,1.0,1.0,0.0,0.0,離職中,1.0,3.0,35.66,138.57
北海道,札幌市厚別区,北海道札幌市厚別区,1,20代,1.0,1.0,0.0,0.0,就業中,1.0,6.0,43.06,141.35
北海道,札幌市清田区,北海道札幌市清田区,1,20代,1.0,1.0,0.0,0.0,就業中,1.0,6.0,43.06,141.35
福井県,鯖江市,福井県鯖江市,1,20代,1.0,1.0,0.0,0.0,就業中,1.0,6.0,36.07,136.22
岡山県,岡山市東区,岡山県岡山市東区,1,20代,1.0,1.0,0.0,0.0,就業中,1.0,6.0,34.66,133.92
佐賀県,神埼郡吉野ヶ里町,佐賀県神埼郡吉野ヶ里町,1,20代,1.0,1.0,0.0,0.0,就業中,1.0,6.0,33.25,130.3
岡山県,小田郡矢掛町,岡山県小田郡矢掛町,1,40代,1.0,1.0,0.0,0.0,離職中,1.0,3.0,34.66,133.92
長野県,諏訪市,長野県諏訪市,1,20代,1.0,1.0,0.0,0.0,就業中,1.0,6.0,36.65,138.18
兵庫県,南あわじ市,兵庫県南あわじ市,1,60代,1.0,0.0,1.0,0.0,就業中,1.0,3.0,34.69,135.18
静岡県,賀茂郡東伊豆町,静岡県賀茂郡東伊豆町,1,60代,1.0,0.0,1.0,0.0,就業中,1.0,3.0,34.98,138.38
大阪府,阪南市,大阪府阪南市,1,40代,1.0,0.0,1.0,0.0,就業中,1.0,5.0,34.69,135.5
和歌山県,田辺市,和歌山県田辺市,1,20代,1.0,1.0,0.0,1.0,就業中,1.0,2.0,34.23,135.17
神奈川県,高座郡寒川町,神奈川県高座郡寒川町,1,50代,1.0,1.0,0.0,1.0,離職中,1.0,2.0,35.45,139.64
静岡県,湖西市,静岡県湖西市,1,60代,1.0,1.0,0.0,1.0,離職中,1.0,2.0,34.98,138.38
岡山県,井原市,岡山県井原市,1,40代,1.0,1.0,0.0,0.0,離職中,1.0,3.0,34.66,133.92
福岡県,築上郡築上町,福岡県築上郡築上町,1,60代,1.0,0.0,1.0,0.0,就業中,1.0,2.0,33.61,130.42
神奈川県,足柄下郡湯河原町,神奈川県足柄下郡湯河原町,1,40代,1.0,0.0,1.0,0.0,離職中,1.0,3.0,35.45,139.64
千葉県,旭市,千葉県旭市,1,40代,1.0,0.0,1.0,0.0,離職中,1.0,3.0,35.61,140.11
埼玉県,北足立郡伊奈町,埼玉県北足立郡伊奈町,1,40代,1.0,0.0,1.0,0.0,離職中,1.0,3.0,35.86,139.65
福岡県,うきは市,福岡県うきは市,1,20代,1.0,0.0,1.0,0.0,離職中,1.0,1.0,33.61,130.42
千葉県,富津市,千葉県富津市,1,20代,1.0,0.0,1.0,0.0,離職中,1.0,1.0,35.61,140.11
岡山県,浅口市,岡山県浅口市,1,40代,1.0,1.0,0.0,0.0,離職中,1.0,3.0,34.66,133.92
茨城県,潮来市,茨城県潮来市,1,60代,1.0,0.0,1.0,0.0,就業中,1.0,9.0,36.34,140.45
茨城県,笠間市,茨城県笠間市,1,60代,1.0,0.0,1.0,0.0,就業中,1.0,9.0,36.34,140.45
和歌山県,東牟婁郡串本町,和歌山県東牟婁郡串本町,1,20代,1.0,1.0,0.0,0.0,就業中,1.0,6.0,34.23,135.17
北海道,野付郡別海町,北海道野付郡別海町,1,20代,1.0,1.0,0.0,0.0,就業中,1.0,6.0,43.06,141.35
宮崎県,日南市,宮崎県日南市,1,20代,1.0,1.0,0.0,0.0,就業中,1.0,6.0,31.91,131.42
長野県,北佐久郡軽井沢町,長野県北佐久郡軽井沢町,1,20代,1.0,1.0,0.0,0.0,就業中,1.0,6.0,36.65,138.18
富山県,黒部市,富山県黒部市,1,20代,1.0,1.0,0.0,0.0,就業中,1.0,6.0,36.7,137.21
愛媛県,四国中央市,愛媛県四国中央市,1,30代,1.0,0.0,1.0,1.0,離職中,1.0,1.0,33.84,132.77
愛媛県,西条市,愛媛県西条市,1,60代,1.0,0.0,1.0,0.0,就業中,1.0,2.0,33.84,132.77
新潟県,長岡市,新潟県長岡市,1,70歳以上,1.0,0.0,1.0,0.0,離職中,1.0,2.0,37.9,139.02
岐阜県,羽島郡笠松町,岐阜県羽島郡笠松町,1,20代,1.0,0.0,1.0,0.0,就業中,1.0,0.0,35.39,136.72
鹿児島県,鹿屋市,鹿児島県鹿屋市,1,20代,1.0,0.0,1.0,0.0,離職中,1.0,0.0,31.56,130.56
福岡県,飯塚市,福岡県飯塚市,1,50代,1.0,0.0,1.0,0.0,離職中,1.0,3.0,33.61,130.42
埼玉県,幸手市,埼玉県幸手市,1,60代,1.0,1.0,0.0,0.0,就業中,1.0,1.0,35.86,139.65
沖縄県,島尻郡伊是名村,沖縄県島尻郡伊是名村,1,60代,1.0,1.0,0.0,0.0,就業中,1.0,5.0,26.21,127.68
三重県,多気郡明和町,三重県多気郡明和町,1,30代,1.0,1.0,0.0,0.0,就業中,1.0,1.0,34.73,136.51
三重県,度会郡大紀町,三重県度会郡大紀町,1,30代,1.0,1.0,0.0,0.0,就業中,1.0,1.0,34.73,136.51
山梨県,上野原市,山梨県上野原市,1,30代,1.0,1.0,0.0,0.0,就業中,1.0,1.0,35.66,138.57
東京都,神津島村,東京都神津島村,1,30代,1.0,1.0,0.0,0.0,就業中,1.0,1.0,35.69,139.69
三重県,度会郡度会町,三重県度会郡度会町,1,30代,1.0,1.0,0.0,0.0,就業中,1.0,1.0,34.73,136.51
鹿児島県,奄美市,鹿児島県奄美市,1,50代,1.0,1.0,0.0,0.0,就業中,1.0,0.0,31.56,130.56
香川県,仲多度郡多度津町,香川県仲多度郡多度津町,1,30代,1.0,0.0,1.0,1.0,離職中,1.0,1.0,34.34,134.04
高知県,香美市,高知県香美市,1,30代,1.0,0.0,1.0,1.0,離職中,1.0,1.0,33.56,133.53
山口県,熊毛郡田布施町,山口県熊毛郡田布施町,1,20代,1.0,1.0,0.0,0.0,就業中,1.0,0.0,34.19,131.47
新潟県,上越市,新潟県上越市,1,20代,1.0,1.0,0.0,0.0,就業中,1.0,0.0,37.9,139.02
鹿児島県,指宿市,鹿児島県指宿市,1,20代,1.0,1.0,0.0,0.0,就業中,1.0,0.0,31.56,130.56
長崎県,島原市,長崎県島原市,1,20代,1.0,1.0,0.0,0.0,就業中,1.0,0.0,32.75,129.88
長崎県,南島原市,長崎県南島原市,1,20代,1.0,1.0,0.0,0.0,就業中,1.0,0.0,32.75,129.88
山口県,熊毛郡平生町,山口県熊毛郡平生町,1,20代,1.0,1.0,0.0,0.0,就業中,1.0,0.0,34.19,131.47
三重県,伊勢市,三重県伊勢市,1,30代,1.0,1.0,0.0,0.0,就業中,1.0,1.0,34.73,136.51
三重県,度会郡玉城町,三重県度会郡玉城町,1,30代,1.0,1.0,0.0,0.0,就業中,1.0,1.0,34.73,136.51
福井県,大野市,福井県大野市,1,50代,1.0,1.0,0.0,0.0,就業中,1.0,4.0,36.07,136.22
福井県,勝山市,福井県勝山市,1,50代,1.0,1.0,0.0,0.0,就業中,1.0,4.0,36.07,136.22
鹿児島県,いちき串木野市,鹿児島県いちき串木野市,1,30代,1.0,0.0,1.0,0.0,在学中,1.0,2.0,31.56,130.56
長崎県,大村市,長崎県大村市,1,50代,1.0,0.0,1.0,1.0,就業中,1.0,2.0,32.75,129.88
長崎県,松浦市,長崎県松浦市,1,50代,1.0,0.0,1.0,1.0,就業中,1.0,2.0,32.75,129.88
埼玉県,北葛飾郡杉戸町,埼玉県北葛飾郡杉戸町,1,60代,1.0,1.0,0.0,0.0,就業中,1.0,1.0,35.86,139.65
富山県,南砺市,富山県南砺市,1,70歳以上,1.0,0.0,1.0,0.0,就業中,1.0,1.0,36.7,137.21
秋田県,仙北郡美郷町,秋田県仙北郡美郷町,1,50代,1.0,0.0,1.0,0.0,離職中,1.0,0.0,39.72,140.1
