location,supply_count,avg_age,national_license_count,avg_qualifications
京都府京都市伏見区,1748,48.7408466819222,47,1.715675057208238
京都府京都市右京区,1118,48.772808586762075,34,1.661896243291592
京都府京都市山科区,1033,48.156824782187805,45,1.702807357212004
京都府京都市西京区,922,47.915401301518436,37,1.7288503253796095
京都府京都市南区,885,46.88587570621469,29,1.8124293785310734
京都府宇治市,873,48.11683848797251,25,1.722794959908362
京都府京都市中京区,818,46.9119804400978,30,1.8508557457212713
京都府京都市下京区,804,46.56218905472637,30,1.9191542288557213
京都府京都市上京区,612,49.388888888888886,26,1.8545751633986929
京都府京都市左京区,610,48.15245901639344,29,1.7426229508196722
京都府京都市北区,595,47.08739495798319,14,1.642016806722689
京都府,500,46.102,22,2.182
京都府長岡京市,481,49.36174636174636,21,1.9563409563409564
大阪府枚方市,432,48.719907407407405,32,2.3912037037037037
京都府木津川市,418,49.85167464114833,18,1.9808612440191387
京都府八幡市,389,49.35218508997429,19,1.93573264781491
京都府城陽市,379,49.02374670184697,13,1.8997361477572559
京都府京都市東山区,358,48.67877094972067,27,1.958100558659218
滋賀県大津市,343,47.02332361516035,21,2.2565597667638486
京都府向日市,327,49.018348623853214,12,2.015290519877676
奈良県奈良市,327,50.782874617737,16,2.3486238532110093
京都府亀岡市,308,47.02597402597402,10,1.4123376623376624
京都府京田辺市,302,48.71854304635762,17,1.966887417218543
大阪府高槻市,237,47.41772151898734,15,2.388185654008439
京都府相楽郡精華町,184,48.619565217391305,6,2.108695652173913
滋賀県草津市,161,46.98757763975155,11,2.372670807453416
大阪府,160,42.59375,7,2.6125
大阪府大阪市北区,159,44.704402515723274,16,2.7358490566037736
京都府福知山市,153,43.81699346405229,4,1.3594771241830066
京都府舞鶴市,141,42.234042553191486,4,1.2836879432624113
大阪府茨木市,140,48.90714285714286,19,2.55
京都府南丹市,135,46.614814814814814,2,1.5333333333333334
大阪府東大阪市,130,50.5,11,2.8
大阪府寝屋川市,129,47.41860465116279,14,2.550387596899225
大阪府吹田市,115,45.38260869565217,10,2.7217391304347824
大阪府大阪市中央区,111,43.18018018018018,10,2.72972972972973
大阪府交野市,108,49.574074074074076,8,2.6574074074074074
大阪府豊中市,105,44.98095238095238,11,2.6
大阪府大阪市東淀川区,101,48.227722772277225,14,2.9405940594059405
京都府久世郡久御山町,101,48.148514851485146,2,2.0396039603960396
大阪府大阪市淀川区,96,46.552083333333336,11,3.0833333333333335
奈良県生駒市,93,51.03225806451613,5,2.4946236559139785
大阪府守口市,90,49.44444444444444,7,2.588888888888889
京都府乙訓郡大山崎町,85,49.6,2,1.8705882352941177
大阪府大阪市生野区,80,47.45,10,2.85
大阪府大阪市平野区,79,47.53164556962025,14,2.607594936708861
大阪府大阪市都島区,78,44.64102564102564,8,2.8076923076923075
大阪府大阪市城東区,77,45.63636363636363,5,2.6493506493506493
滋賀県守山市,77,46.701298701298704,9,2.6493506493506493
大阪府大阪市浪速区,75,48.0,9,2.9066666666666667
奈良県大和郡山市,75,52.88,5,2.5866666666666664
大阪府大阪市西成区,75,47.29333333333334,9,2.9066666666666667
滋賀県栗東市,75,46.54666666666667,9,2.533333333333333
大阪府門真市,66,49.31818181818182,5,2.5757575757575757
兵庫県尼崎市,66,46.09090909090909,7,2.4696969696969697
大阪府大阪市西区,62,44.46774193548387,7,2.806451612903226
大阪府八尾市,59,47.101694915254235,10,2.593220338983051
大阪府大阪市住吉区,59,47.101694915254235,7,2.9322033898305087
京都府京丹後市,58,47.3448275862069,1,0.896551724137931
大阪府大阪市天王寺区,58,46.827586206896555,6,2.8620689655172415
大阪府大東市,57,50.228070175438596,7,2.982456140350877
大阪府大阪市西淀川区,57,43.80701754385965,7,2.7017543859649122
大阪府大阪市旭区,56,45.892857142857146,4,2.892857142857143
兵庫県西宮市,56,44.875,7,2.982142857142857
滋賀県,56,44.42857142857143,3,2.75
大阪府大阪市東成区,55,47.472727272727276,5,2.6545454545454548
大阪府大阪市鶴見区,54,48.22222222222222,9,2.759259259259259
大阪府大阪市東住吉区,53,46.79245283018868,12,2.4716981132075473
大阪府箕面市,53,47.924528301886795,5,2.7169811320754715
大阪府大阪市阿倍野区,53,47.113207547169814,5,2.830188679245283
大阪府摂津市,52,44.75,1,2.6923076923076925
兵庫県,52,43.28846153846154,2,2.9038461538461537
大阪府三島郡島本町,51,51.11764705882353,3,2.4705882352941178
大阪府大阪市福島区,49,46.0,6,2.7346938775510203
奈良県,46,47.21739130434783,2,2.3043478260869565
京都府綾部市,44,44.43181818181818,2,1.75
大阪府大阪市住之江区,42,46.095238095238095,7,2.5952380952380953
滋賀県野洲市,41,44.41463414634146,6,2.6097560975609757
奈良県橿原市,38,49.63157894736842,2,2.763157894736842
奈良県天理市,38,51.86842105263158,2,2.6578947368421053
京都府与謝郡与謝野町,38,46.73684210526316,0,1.263157894736842
大阪府堺市北区,37,47.45945945945946,7,2.5405405405405403
京都府綴喜郡宇治田原町,35,43.97142857142857,3,1.8285714285714285
兵庫県宝塚市,35,45.542857142857144,3,2.2285714285714286
京都府綴喜郡井手町,34,52.26470588235294,1,2.0294117647058822
大阪府池田市,33,49.90909090909091,4,3.1515151515151514
滋賀県彦根市,33,44.36363636363637,3,1.9393939393939394
京都府宮津市,33,49.09090909090909,0,1.5757575757575757
大阪府大阪市港区,32,50.5625,5,3.03125
大阪府大阪市此花区,32,48.625,5,3.0
大阪府堺市堺区,31,51.38709677419355,5,3.0
東京都渋谷区,30,45.96666666666667,5,2.966666666666667
兵庫県神戸市灘区,30,46.666666666666664,5,2.3333333333333335
兵庫県伊丹市,30,48.0,4,2.966666666666667
兵庫県神戸市中央区,30,43.5,2,2.5
大阪府堺市中区,29,45.44827586206897,2,2.5172413793103448
大阪府四條畷市,29,53.58620689655172,1,2.896551724137931
大阪府大阪市大正区,28,48.92857142857143,2,2.357142857142857
京都府船井郡京丹波町,26,47.53846153846154,0,1.1923076923076923
東京都大田区,26,49.0,4,2.6923076923076925
東京都,26,41.15384615384615,1,2.3846153846153846
東京都世田谷区,26,44.88461538461539,4,3.1538461538461537
兵庫県芦屋市,25,44.92,0,2.68
兵庫県神戸市東灘区,25,44.64,2,3.12
兵庫県神戸市北区,25,44.92,2,2.6
兵庫県川西市,25,50.68,2,2.6
大阪府堺市南区,24,44.0,2,2.3333333333333335
大阪府羽曳野市,24,46.375,2,2.9166666666666665
東京都練馬区,24,46.375,2,2.5833333333333335
東京都港区,24,44.041666666666664,6,3.0833333333333335
東京都杉並区,24,43.416666666666664,3,3.1666666666666665
大阪府堺市西区,23,44.73913043478261,3,2.217391304347826
東京都文京区,23,49.130434782608695,1,2.782608695652174
滋賀県湖南市,22,48.59090909090909,2,2.409090909090909
東京都新宿区,22,47.18181818181818,2,2.9545454545454546
東京都板橋区,22,45.81818181818182,1,3.1818181818181817
神奈川県横浜市青葉区,22,43.90909090909091,2,2.4545454545454546
大阪府和泉市,22,45.5,1,2.8181818181818183
神奈川県横浜市港北区,22,44.45454545454545,3,3.0454545454545454
大阪府藤井寺市,22,50.04545454545455,4,2.8636363636363638
福井県大飯郡高浜町,22,40.36363636363637,0,2.409090909090909
奈良県磯城郡田原本町,21,48.714285714285715,1,3.0
大阪府松原市,21,50.0,4,3.238095238095238
大阪府岸和田市,21,49.285714285714285,4,3.0476190476190474
東京都品川区,21,42.80952380952381,3,2.7142857142857144
奈良県生駒郡三郷町,20,54.95,2,2.85
神奈川県,20,41.5,0,2.6
滋賀県甲賀市,20,49.0,3,1.8
神奈川県横浜市南区,20,45.7,2,3.3
千葉県船橋市,20,47.8,1,3.9
神奈川県横浜市緑区,19,42.473684210526315,1,2.9473684210526314
滋賀県近江八幡市,19,46.78947368421053,2,2.736842105263158
兵庫県丹波市,19,41.10526315789474,0,2.4210526315789473
奈良県北葛城郡王寺町,19,49.21052631578947,3,2.789473684210526
愛知県,19,38.26315789473684,0,3.0526315789473686
埼玉県川口市,19,38.8421052631579,2,3.1052631578947367
東京都町田市,18,45.72222222222222,3,2.388888888888889
千葉県柏市,18,49.22222222222222,2,2.7777777777777777
奈良県香芝市,18,47.611111111111114,2,3.1666666666666665
神奈川県川崎市川崎区,18,46.05555555555556,2,3.2222222222222223
神奈川県藤沢市,18,43.111111111111114,2,3.0555555555555554
東京都目黒区,18,41.22222222222222,2,2.6666666666666665
東京都足立区,18,48.888888888888886,4,2.9444444444444446
東京都千代田区,17,41.11764705882353,1,3.176470588235294
兵庫県姫路市,17,42.94117647058823,4,3.0588235294117645
兵庫県明石市,17,50.05882352941177,4,2.4705882352941178
東京都江東区,17,44.94117647058823,3,2.764705882352941
東京都江戸川区,17,44.76470588235294,1,3.411764705882353
滋賀県長浜市,17,44.0,2,1.5294117647058822
奈良県生駒郡斑鳩町,17,56.411764705882355,3,2.8823529411764706
神奈川県横浜市中区,17,42.8235294117647,1,3.1176470588235294
大阪府富田林市,17,47.88235294117647,3,3.1176470588235294
神奈川県鎌倉市,17,43.05882352941177,3,2.8823529411764706
奈良県生駒郡平群町,17,54.11764705882353,1,2.9411764705882355
兵庫県神戸市西区,17,48.88235294117647,3,3.176470588235294
神奈川県川崎市宮前区,16,48.0,2,2.875
愛知県名古屋市中村区,16,43.625,2,2.8125
兵庫県神戸市垂水区,16,46.1875,2,2.5
兵庫県丹波篠山市,16,43.625,0,2.25
大阪府堺市東区,16,43.1875,1,2.5625
滋賀県東近江市,16,40.25,3,1.4375
千葉県市川市,16,48.5625,1,3.375
兵庫県三田市,15,45.266666666666666,1,2.6
東京都北区,15,45.86666666666667,0,3.1333333333333333
愛知県名古屋市千種区,15,43.266666666666666,2,4.0
愛知県名古屋市緑区,15,43.266666666666666,3,2.933333333333333
岐阜県岐阜市,15,50.333333333333336,3,3.0
千葉県松戸市,15,46.4,0,3.466666666666667
神奈川県横浜市都筑区,15,46.266666666666666,1,3.6
千葉県千葉市中央区,15,45.6,1,2.8666666666666667
奈良県大和高田市,15,47.4,1,3.2
兵庫県神戸市兵庫区,15,43.53333333333333,1,2.7333333333333334
神奈川県横浜市戸塚区,15,50.53333333333333,1,3.066666666666667
東京都中央区,14,45.142857142857146,0,3.357142857142857
東京都八王子市,14,43.214285714285715,1,2.2857142857142856
東京都台東区,14,48.357142857142854,2,3.0
和歌山県和歌山市,14,41.357142857142854,2,3.5714285714285716
神奈川県茅ヶ崎市,14,46.142857142857146,1,4.071428571428571
埼玉県越谷市,14,42.0,1,3.142857142857143
神奈川県横浜市鶴見区,14,46.285714285714285,2,2.857142857142857
東京都葛飾区,14,46.5,1,3.0
神奈川県大和市,14,45.57142857142857,2,2.9285714285714284
愛知県名古屋市天白区,14,45.07142857142857,2,3.0
千葉県流山市,14,47.07142857142857,1,4.285714285714286
兵庫県神戸市長田区,14,42.785714285714285,2,2.7142857142857144
東京都豊島区,14,44.57142857142857,3,2.642857142857143
兵庫県加古川市,14,46.714285714285715,1,2.4285714285714284
東京都中野区,13,44.53846153846154,1,2.5384615384615383
神奈川県横須賀市,13,48.15384615384615,2,3.1538461538461537
神奈川県相模原市南区,13,40.92307692307692,1,2.8461538461538463
千葉県習志野市,13,44.69230769230769,3,2.923076923076923
愛知県名古屋市中区,13,39.69230769230769,3,3.3076923076923075
大阪府泉佐野市,13,46.92307692307692,2,3.3846153846153846
神奈川県川崎市中原区,12,47.916666666666664,3,3.1666666666666665
千葉県市原市,12,50.083333333333336,2,3.0
福岡県福岡市早良区,12,44.416666666666664,2,1.6666666666666667
愛知県名古屋市守山区,12,42.583333333333336,3,3.25
兵庫県神戸市須磨区,12,47.333333333333336,0,2.25
東京都三鷹市,12,41.5,2,2.6666666666666665
東京都荒川区,12,40.75,1,2.9166666666666665
埼玉県春日部市,12,48.5,1,5.25
大阪府高石市,12,54.416666666666664,1,3.0833333333333335
大阪府柏原市,12,47.416666666666664,3,2.9166666666666665
埼玉県,12,47.666666666666664,0,3.5
大阪府河内長野市,12,46.0,0,2.75
神奈川県川崎市多摩区,12,48.916666666666664,2,3.4166666666666665
神奈川県横浜市神奈川区,12,46.083333333333336,3,3.5833333333333335
神奈川県横浜市西区,12,40.916666666666664,1,3.25
東京都墨田区,11,41.27272727272727,2,3.1818181818181817
大阪府大阪狭山市,11,42.54545454545455,1,2.5454545454545454
東京都多摩市,11,48.18181818181818,1,2.909090909090909
福岡県福岡市南区,11,51.54545454545455,2,2.5454545454545454
千葉県,11,46.90909090909091,0,2.8181818181818183
神奈川県川崎市幸区,11,46.81818181818182,1,3.1818181818181817
福岡県福岡市東区,11,45.09090909090909,2,2.4545454545454546
埼玉県さいたま市北区,11,48.0,0,4.181818181818182
大阪府泉大津市,11,53.36363636363637,2,3.4545454545454546
奈良県桜井市,11,53.09090909090909,2,2.272727272727273
奈良県御所市,11,44.27272727272727,1,3.090909090909091
埼玉県さいたま市大宮区,11,51.0,0,3.4545454545454546
埼玉県さいたま市西区,11,43.27272727272727,0,3.0
埼玉県新座市,11,48.90909090909091,0,3.1818181818181817
埼玉県所沢市,11,43.63636363636363,0,3.3636363636363638
東京都調布市,11,44.36363636363637,2,2.909090909090909
埼玉県川越市,11,49.45454545454545,0,3.8181818181818183
神奈川県相模原市中央区,11,46.81818181818182,1,3.727272727272727
神奈川県横浜市保土ケ谷区,11,41.54545454545455,2,3.272727272727273
埼玉県さいたま市緑区,11,47.0,0,3.6363636363636362
神奈川県平塚市,10,41.5,2,3.6
福岡県福岡市博多区,10,43.0,2,2.5
奈良県葛城市,10,45.3,1,3.4
大阪府貝塚市,10,45.1,2,3.5
福岡県福岡市中央区,10,45.4,2,2.2
神奈川県横浜市旭区,10,46.1,1,2.1
埼玉県狭山市,10,50.4,1,4.1
兵庫県豊岡市,10,36.1,0,1.7
東京都西東京市,10,46.2,1,4.0
千葉県千葉市稲毛区,10,47.3,1,3.2
福岡県,10,41.2,0,2.7
愛知県名古屋市名東区,10,45.4,2,5.1
東京都府中市,10,45.2,0,2.0
愛知県名古屋市港区,10,41.3,1,2.6
愛知県名古屋市瑞穂区,10,47.9,1,2.8
埼玉県さいたま市南区,10,50.4,1,4.2
埼玉県草加市,9,43.77777777777778,0,4.0
埼玉県三郷市,9,43.0,1,3.0
埼玉県さいたま市見沼区,9,49.44444444444444,1,4.555555555555555
愛知県名古屋市南区,9,45.44444444444444,2,2.7777777777777777
愛知県一宮市,9,45.55555555555556,2,3.4444444444444446
広島県広島市中区,9,35.888888888888886,0,2.0
愛知県名古屋市中川区,9,43.888888888888886,1,2.6666666666666665
三重県松阪市,9,47.0,1,2.0
三重県津市,9,44.22222222222222,1,2.5555555555555554
愛知県名古屋市西区,9,46.0,1,3.0
兵庫県川辺郡猪名川町,9,42.888888888888886,2,1.7777777777777777
東京都立川市,9,36.55555555555556,0,2.7777777777777777
岐阜県各務原市,9,50.22222222222222,2,3.2222222222222223
神奈川県横浜市栄区,9,42.666666666666664,2,3.0
埼玉県さいたま市岩槻区,9,50.44444444444444,0,3.888888888888889
千葉県千葉市緑区,9,41.333333333333336,0,2.4444444444444446
埼玉県和光市,9,37.111111111111114,0,2.2222222222222223
埼玉県朝霞市,9,44.77777777777778,0,3.0
滋賀県高島市,9,56.333333333333336,3,3.3333333333333335
京都府相楽郡南山城村,9,51.0,1,0.8888888888888888
千葉県佐倉市,9,51.666666666666664,0,2.888888888888889
神奈川県厚木市,9,43.22222222222222,1,3.4444444444444446
三重県四日市市,8,42.0,1,2.375
広島県福山市,8,46.25,1,5.5
東京都小平市,8,53.875,0,2.25
愛知県名古屋市東区,8,41.25,2,2.5
神奈川県横浜市泉区,8,53.5,1,2.75
神奈川県横浜市港南区,8,41.5,1,2.75
神奈川県横浜市金沢区,8,40.625,1,3.0
埼玉県蕨市,8,37.75,2,3.25
茨城県つくば市,8,55.0,0,4.25
滋賀県蒲生郡日野町,8,47.625,0,2.75
奈良県北葛城郡上牧町,8,51.125,4,3.0
埼玉県久喜市,8,45.375,0,3.75
大阪府堺市美原区,8,47.375,0,2.875
奈良県北葛城郡河合町,8,53.25,1,4.25
神奈川県相模原市緑区,8,41.625,1,3.375
神奈川県海老名市,8,48.625,2,2.875
千葉県千葉市花見川区,8,47.125,0,1.75
神奈川県川崎市高津区,8,55.375,1,3.375
神奈川県川崎市麻生区,8,39.875,2,2.75
千葉県浦安市,8,46.25,2,3.0
千葉県四街道市,8,57.875,1,4.0
千葉県千葉市若葉区,8,52.5,0,4.125
茨城県土浦市,8,47.375,0,3.375
愛媛県松山市,8,42.125,1,2.375
神奈川県秦野市,8,44.75,0,3.75
鹿児島県鹿児島市,7,46.142857142857146,1,3.4285714285714284
福井県小浜市,7,54.42857142857143,0,1.7142857142857142
埼玉県鴻巣市,7,41.0,0,3.7142857142857144
東京都東久留米市,7,40.142857142857146,1,2.2857142857142856
埼玉県さいたま市桜区,7,49.142857142857146,0,5.142857142857143
東京都日野市,7,33.142857142857146,1,3.142857142857143
東京都武蔵野市,7,42.285714285714285,1,4.285714285714286
神奈川県横浜市磯子区,7,47.285714285714285,1,3.0
神奈川県横浜市瀬谷区,7,45.857142857142854,1,2.7142857142857144
愛知県瀬戸市,7,42.57142857142857,2,3.2857142857142856
広島県,7,43.0,1,5.142857142857143
愛知県名古屋市昭和区,7,48.0,2,2.7142857142857144
愛知県名古屋市熱田区,7,50.57142857142857,2,3.2857142857142856
愛知県名古屋市北区,7,48.714285714285715,3,4.571428571428571
静岡県,7,42.57142857142857,0,2.4285714285714284
東京都国分寺市,7,36.714285714285715,0,3.0
和歌山県,7,46.57142857142857,0,3.0
群馬県太田市,7,57.42857142857143,0,4.428571428571429
群馬県前橋市,7,41.0,0,2.7142857142857144
埼玉県吉川市,7,46.142857142857146,0,4.142857142857143
埼玉県上尾市,7,53.0,0,4.857142857142857
埼玉県入間市,7,48.142857142857146,1,3.2857142857142856
千葉県千葉市美浜区,7,44.57142857142857,0,3.142857142857143
宮城県,7,45.42857142857143,0,4.714285714285714
神奈川県小田原市,7,53.42857142857143,1,2.142857142857143
長野県長野市,7,48.57142857142857,2,2.857142857142857
福岡県福岡市西区,7,50.0,2,2.7142857142857144
石川県金沢市,7,46.285714285714285,1,3.857142857142857
千葉県八千代市,7,51.714285714285715,0,3.7142857142857144
愛知県春日井市,7,40.714285714285715,1,2.142857142857143
千葉県成田市,7,51.0,0,4.142857142857143
静岡県静岡市駿河区,7,50.42857142857143,2,3.857142857142857
香川県高松市,7,40.0,0,5.285714285714286
東京都東村山市,6,48.833333333333336,0,3.3333333333333335
埼玉県白岡市,6,46.333333333333336,1,3.8333333333333335
埼玉県熊谷市,6,57.166666666666664,0,5.666666666666667
広島県広島市南区,6,37.333333333333336,0,2.1666666666666665
三重県伊賀市,6,43.0,0,1.3333333333333333
広島県広島市佐伯区,6,35.5,0,2.3333333333333335
埼玉県さいたま市中央区,6,43.333333333333336,0,4.833333333333333
東京都国立市,6,37.666666666666664,0,3.0
埼玉県深谷市,6,52.833333333333336,0,3.6666666666666665
埼玉県戸田市,6,39.0,0,3.5
奈良県北葛城郡広陵町,6,47.5,1,3.6666666666666665
大阪府豊能郡能勢町,6,56.166666666666664,0,1.8333333333333333
栃木県宇都宮市,6,52.0,0,4.333333333333333
栃木県小山市,6,45.666666666666664,0,2.5
東京都西多摩郡瑞穂町,6,31.0,0,2.3333333333333335
岐阜県,6,47.0,0,2.6666666666666665
東京都青梅市,6,39.0,0,2.0
沖縄県,6,46.5,0,3.5
岡山県,6,41.5,0,5.666666666666667
茨城県,6,50.333333333333336,1,3.3333333333333335
愛知県豊橋市,6,37.5,1,2.0
東京都あきる野市,6,51.0,0,4.0
愛知県豊田市,6,47.666666666666664,2,2.3333333333333335
群馬県高崎市,6,44.0,0,3.5
三重県鈴鹿市,6,42.833333333333336,1,2.1666666666666665
千葉県我孫子市,6,48.0,0,3.0
福井県大飯郡おおい町,6,44.666666666666664,0,3.1666666666666665
神奈川県座間市,6,51.0,1,2.8333333333333335
大阪府泉南市,6,48.166666666666664,2,4.0
千葉県野田市,6,47.5,0,3.3333333333333335
福岡県春日市,6,37.0,2,2.6666666666666665
沖縄県那覇市,6,50.333333333333336,0,6.166666666666667
奈良県磯城郡三宅町,6,49.666666666666664,1,3.6666666666666665
広島県広島市東区,6,36.166666666666664,1,2.0
愛知県あま市,6,45.666666666666664,1,4.166666666666667
広島県広島市安佐南区,6,35.5,0,2.3333333333333335
静岡県静岡市葵区,6,46.5,1,3.1666666666666665
愛知県半田市,6,42.166666666666664,1,2.6666666666666665
静岡県富士市,6,52.0,1,3.5
愛知県小牧市,6,44.333333333333336,1,2.5
京都府相楽郡和束町,5,47.8,1,2.0
広島県広島市西区,5,32.6,0,1.8
広島県廿日市市,5,33.6,0,1.0
高知県高知市,5,32.4,0,5.4
埼玉県加須市,5,45.8,0,3.2
三重県桑名市,5,39.8,1,5.8
福岡県福岡市城南区,5,47.2,1,2.4
福岡県那珂川市,5,51.6,0,2.8
愛知県江南市,5,53.4,2,3.8
愛知県犬山市,5,43.6,1,2.2
愛知県刈谷市,5,50.2,2,3.8
島根県,5,39.2,0,3.2
岐阜県大垣市,5,56.4,2,4.6
茨城県ひたちなか市,5,54.0,0,4.6
茨城県取手市,5,58.6,0,4.8
群馬県伊勢崎市,5,45.8,1,2.8
岡山県岡山市北区,5,44.0,0,3.6
岐阜県多治見市,5,46.2,2,3.8
栃木県足利市,5,46.4,0,3.0
栃木県,5,49.4,1,3.0
神奈川県伊勢原市,5,40.2,2,2.6
埼玉県桶川市,5,42.6,0,5.6
奈良県吉野郡大淀町,5,42.8,0,3.6
奈良県生駒郡安堵町,5,50.0,1,2.6
福岡県朝倉市,5,39.0,1,3.0
和歌山県橋本市,5,43.0,0,4.0
滋賀県蒲生郡竜王町,5,47.8,0,2.2
沖縄県沖縄市,5,37.0,0,2.6
茨城県守谷市,5,48.0,0,2.2
埼玉県蓮田市,5,48.8,0,8.0
静岡県富士宮市,5,47.2,1,3.0
東京都小金井市,5,31.0,0,2.4
北海道札幌市中央区,5,35.0,1,2.6
兵庫県西脇市,5,48.0,0,3.2
茨城県結城市,5,41.0,1,2.2
茨城県水戸市,5,52.0,0,4.2
北海道,5,44.4,0,4.8
東京都昭島市,5,33.6,0,3.8
埼玉県さいたま市浦和区,5,46.4,0,5.8
愛知県豊明市,5,43.2,1,3.0
熊本県熊本市南区,4,27.25,0,2.25
千葉県袖ケ浦市,4,51.75,1,3.0
千葉県鎌ケ谷市,4,55.25,0,1.75
福岡県大野城市,4,39.0,1,3.25
愛媛県,4,38.25,0,7.0
香川県,4,37.5,0,6.75
広島県広島市安佐北区,4,31.75,0,1.0
福島県郡山市,4,39.75,0,2.0
千葉県印西市,4,49.75,0,2.25
石川県,4,40.75,0,1.5
熊本県熊本市中央区,4,28.0,1,2.5
三重県,4,42.0,0,3.0
三重県志摩市,4,44.25,1,2.0
京都府相楽郡笠置町,4,47.0,1,1.25
愛知県安城市,4,44.75,1,3.0
愛知県大府市,4,47.25,1,2.5
愛知県尾張旭市,4,37.0,1,3.25
静岡県浜松市中区,4,45.5,1,3.0
長崎県長崎市,4,50.0,1,3.0
長野県松本市,4,58.25,1,2.0
三重県名張市,4,50.75,1,1.5
福井県越前市,4,31.75,0,2.5
福岡県久留米市,4,34.0,1,3.0
福井県,4,46.0,0,2.0
兵庫県三木市,4,60.5,1,4.25
兵庫県多可郡多可町,4,45.75,0,4.5
秋田県,4,48.5,0,3.75
埼玉県ふじみ野市,4,51.0,0,4.5
東京都東大和市,4,39.0,1,2.75
神奈川県綾瀬市,4,39.5,1,2.75
和歌山県岩出市,4,41.5,0,3.25
福岡県古賀市,4,37.0,1,3.25
神奈川県足柄上郡開成町,4,38.5,0,2.5
東京都狛江市,4,38.25,0,3.0
愛知県稲沢市,4,39.25,1,2.75
兵庫県加東市,4,56.0,1,2.0
大阪府豊能郡豊能町,4,58.25,0,1.5
埼玉県八潮市,4,50.5,0,3.5
奈良県五條市,4,34.75,0,3.25
岐阜県可児市,4,49.75,2,4.25
岡山県倉敷市,4,39.0,0,3.5
岐阜県羽島郡岐南町,4,55.75,1,3.75
山梨県甲府市,4,46.5,0,3.0
山形県山形市,4,36.5,0,3.5
埼玉県富士見市,4,37.5,0,3.25
埼玉県北本市,4,47.75,0,5.0
富山県,4,45.75,0,2.5
山口県山口市,4,43.0,0,3.0
大阪府泉南郡熊取町,4,46.25,1,4.0
埼玉県東松山市,4,44.25,0,5.25
埼玉県本庄市,4,48.5,0,2.0
滋賀県米原市,4,54.0,1,1.75
岡山県総社市,4,39.0,0,3.5
埼玉県入間郡三芳町,4,33.25,0,2.75
兵庫県淡路市,4,40.75,0,2.5
茨城県牛久市,4,59.5,0,5.25
兵庫県朝来市,4,35.5,0,3.5
兵庫県小野市,4,39.25,0,4.0
茨城県日立市,4,58.5,0,4.0
福岡県糸島市,3,54.0,0,3.6666666666666665
愛知県清須市,3,41.666666666666664,1,3.0
愛知県海部郡大治町,3,54.333333333333336,1,3.3333333333333335
愛知県知多市,3,46.333333333333336,1,3.3333333333333335
愛知県愛知郡東郷町,3,37.333333333333336,1,3.3333333333333335
愛知県日進市,3,41.666666666666664,1,3.0
愛知県愛西市,3,54.333333333333336,1,3.3333333333333335
愛知県東海市,3,49.0,1,3.3333333333333335
鹿児島県,3,40.0,0,2.3333333333333335
広島県尾道市,3,42.333333333333336,0,1.3333333333333333
愛知県西春日井郡豊山町,3,54.333333333333336,1,5.666666666666667
愛知県豊川市,3,42.333333333333336,1,3.3333333333333335
青森県,3,52.0,0,4.333333333333333
愛知県岡崎市,3,42.333333333333336,1,3.3333333333333335
愛知県津島市,3,32.666666666666664,0,3.0
長野県,3,50.333333333333336,0,3.3333333333333335
愛知県常滑市,3,49.333333333333336,1,2.0
京都府与謝郡伊根町,3,41.666666666666664,0,1.3333333333333333
静岡県磐田市,3,53.0,1,4.0
静岡県静岡市清水区,3,49.333333333333336,0,4.666666666666667
鳥取県鳥取市,3,39.666666666666664,0,3.3333333333333335
愛知県岩倉市,3,57.0,1,5.333333333333333
愛知県北名古屋市,3,54.333333333333336,1,3.3333333333333335
徳島県鳴門市,3,41.0,0,4.666666666666667
広島県安芸郡海田町,3,37.0,0,1.0
石川県加賀市,3,49.666666666666664,0,2.6666666666666665
福岡県福津市,3,45.666666666666664,2,5.666666666666667
福岡県筑紫野市,3,42.333333333333336,1,2.3333333333333335
千葉県木更津市,3,44.0,0,3.0
福島県福島市,3,56.333333333333336,0,2.3333333333333335
福島県,3,52.0,0,4.333333333333333
福岡県糟屋郡粕屋町,3,38.666666666666664,1,3.6666666666666665
沖縄県宜野湾市,3,40.0,1,4.0
沖縄県うるま市,3,42.333333333333336,0,3.3333333333333335
神奈川県南足柄市,3,50.666666666666664,1,1.6666666666666667
石川県白山市,3,44.0,0,3.3333333333333335
石川県野々市市,3,52.0,1,5.0
埼玉県志木市,3,42.0,0,2.3333333333333335
山梨県,3,56.0,0,3.6666666666666665
沖縄県南城市,3,38.333333333333336,0,3.3333333333333335
岩手県,3,52.0,0,4.333333333333333
宮城県仙台市青葉区,3,42.0,0,4.333333333333333
福井県三方上中郡若狭町,3,43.0,0,3.0
千葉県茂原市,3,43.0,0,5.666666666666667
熊本県,3,40.0,0,2.3333333333333335
熊本県熊本市西区,3,27.0,0,2.6666666666666665
熊本県熊本市東区,3,26.666666666666668,0,2.3333333333333335
熊本県熊本市北区,3,27.0,0,2.6666666666666665
宮城県仙台市宮城野区,3,51.333333333333336,1,2.0
奈良県吉野郡吉野町,3,30.666666666666668,0,5.0
宮城県仙台市若林区,3,45.0,0,3.0
宮城県仙台市泉区,3,52.0,1,3.3333333333333335
奈良県山辺郡山添村,3,49.666666666666664,0,2.0
宮崎県宮崎市,3,32.0,1,4.0
奈良県吉野郡下市町,3,35.333333333333336,0,2.6666666666666665
千葉県八街市,3,35.666666666666664,0,0.6666666666666666
神奈川県中郡二宮町,3,56.0,0,3.3333333333333335
岐阜県高山市,3,43.666666666666664,2,5.666666666666667
岐阜県関市,3,45.333333333333336,1,3.6666666666666665
岐阜県瑞穂市,3,56.333333333333336,2,5.333333333333333
岐阜県美濃加茂市,3,54.666666666666664,1,4.0
栃木県栃木市,3,46.666666666666664,0,2.6666666666666665
兵庫県高砂市,3,57.0,0,2.3333333333333335
北海道札幌市東区,3,28.666666666666668,0,2.0
茨城県稲敷郡阿見町,3,45.333333333333336,0,3.0
群馬県,3,48.333333333333336,0,3.3333333333333335
群馬県邑楽郡大泉町,3,56.666666666666664,0,3.0
群馬県桐生市,3,63.666666666666664,0,2.6666666666666665
群馬県佐波郡玉村町,3,56.666666666666664,0,3.0
北海道旭川市,3,40.666666666666664,0,4.333333333333333
北海道札幌市西区,3,34.666666666666664,0,6.333333333333333
兵庫県養父市,3,43.666666666666664,0,2.0
群馬県安中市,3,54.333333333333336,1,4.333333333333333
兵庫県加古郡稲美町,3,54.0,0,3.0
兵庫県揖保郡太子町,3,67.66666666666667,2,4.666666666666667
茨城県神栖市,3,52.333333333333336,0,4.666666666666667
茨城県小美玉市,3,41.666666666666664,0,2.0
新潟県新潟市江南区,3,54.333333333333336,0,4.0
東京都福生市,3,30.333333333333332,0,1.3333333333333333
愛知県知立市,3,47.333333333333336,1,1.6666666666666667
愛知県西尾市,3,42.333333333333336,1,3.3333333333333335
千葉県香取市,3,57.0,1,5.0
福岡県北九州市八幡西区,3,37.0,0,3.0
大分県大分市,3,49.666666666666664,2,3.6666666666666665
埼玉県飯能市,3,34.333333333333336,0,3.3333333333333335
神奈川県逗子市,3,47.666666666666664,1,1.6666666666666667
埼玉県鶴ヶ島市,3,50.333333333333336,0,4.333333333333333
徳島県吉野川市,3,26.0,0,2.3333333333333335
三重県亀山市,3,45.666666666666664,0,1.3333333333333333
静岡県浜松市西区,2,47.5,1,4.0
静岡県浜松市浜名区,2,47.5,1,4.0
静岡県浜松市東区,2,47.5,1,4.0
静岡県伊東市,2,60.0,0,2.5
静岡県沼津市,2,30.5,0,4.0
青森県八戸市,2,57.5,0,4.0
鹿児島県日置市,2,30.5,0,3.0
鹿児島県霧島市,2,29.5,0,2.5
三重県いなべ市,2,38.5,0,1.5
静岡県掛川市,2,47.5,1,3.0
鹿児島県姶良市,2,50.0,1,4.0
愛知県長久手市,2,47.5,1,4.0
愛知県額田郡幸田町,2,47.5,1,4.0
愛知県高浜市,2,52.0,1,1.5
愛知県みよし市,2,48.0,1,1.5
愛知県丹羽郡扶桑町,2,67.0,1,2.0
岩手県一関市,2,64.0,0,1.5
新潟県新潟市中央区,2,46.5,0,5.0
愛媛県伊予市,2,33.5,0,2.5
茨城県稲敷郡美浦村,2,47.0,0,5.5
茨城県筑西市,2,42.0,0,5.0
茨城県結城郡八千代町,2,72.5,0,2.5
岩手県盛岡市,2,54.5,0,2.0
群馬県渋川市,2,48.0,0,3.0
群馬県藤岡市,2,46.5,0,5.0
福島県須賀川市,2,65.0,1,2.5
兵庫県たつの市,2,62.5,0,3.0
兵庫県加西市,2,27.5,0,4.0
兵庫県洲本市,2,59.0,0,3.5
茨城県常総市,2,46.5,0,5.0
茨城県桜川市,2,66.5,0,7.0
茨城県北相馬郡利根町,2,47.5,0,2.5
茨城県古河市,2,52.0,0,6.0
福岡県糟屋郡宇美町,2,48.0,1,4.0
福岡県糟屋郡志免町,2,43.5,0,1.5
福岡県糟屋郡須惠町,2,48.0,1,2.5
兵庫県神崎郡市川町,2,51.0,0,2.5
兵庫県神崎郡神河町,2,45.0,0,3.0
東京都羽村市,2,46.5,0,5.0
岐阜県安八郡神戸町,2,49.0,1,2.0
岐阜県恵那市,2,70.0,2,5.0
広島県安芸郡府中町,2,29.5,0,0.5
広島県広島市安芸区,2,43.5,0,3.0
岐阜県羽島市,2,47.5,1,4.0
東京都清瀬市,2,30.5,0,4.0
岡山県瀬戸内市,2,63.5,0,4.5
岐阜県海津市,2,47.5,1,4.0
新潟県,2,56.5,0,4.0
岡山県岡山市南区,2,39.0,0,4.5
福岡県鞍手郡鞍手町,2,71.0,1,5.0
福岡県直方市,2,44.0,0,4.5
北海道札幌市北区,2,40.5,0,8.5
北海道札幌市南区,2,37.0,0,4.0
北海道札幌市手稲区,2,41.5,0,2.0
福岡県中間市,2,66.5,1,5.5
福岡県北九州市八幡東区,2,27.0,0,3.5
福岡県北九州市小倉北区,2,40.5,1,4.0
北海道札幌市豊平区,2,41.0,1,4.5
福岡県柳川市,2,56.0,1,3.0
福井県福井市,2,51.5,1,7.0
和歌山県紀の川市,2,29.5,0,3.0
千葉県大網白里市,2,31.0,0,1.5
福岡県太宰府市,2,31.5,0,3.5
福岡県小郡市,2,30.0,0,1.0
千葉県東金市,2,30.5,0,4.0
千葉県白井市,2,35.5,0,4.0
和歌山県海南市,2,48.5,0,4.0
埼玉県秩父市,2,48.5,0,7.5
埼玉県秩父郡長瀞町,2,46.5,0,5.0
大分県,2,45.0,0,2.0
千葉県富里市,2,47.0,0,2.5
千葉県山武市,2,27.0,0,3.5
沖縄県名護市,2,38.5,0,4.5
東京都西多摩郡日の出町,2,53.5,0,1.5
東京都西多摩郡檜原村,2,45.0,0,1.0
山形県米沢市,2,49.5,0,1.0
栃木県那須塩原市,2,44.5,1,1.5
栃木県鹿沼市,2,64.5,0,4.5
山形県,2,45.5,0,4.0
徳島県徳島市,2,27.0,0,3.0
徳島県板野郡藍住町,2,27.0,0,3.0
大阪府南河内郡太子町,2,39.5,0,3.0
大阪府南河内郡河南町,2,45.0,0,2.0
神奈川県愛甲郡愛川町,2,50.0,1,10.0
宮城県仙台市太白区,2,30.5,0,4.0
大阪府泉北郡忠岡町,2,56.0,1,5.0
大阪府泉南郡岬町,2,45.0,0,2.0
大分県中津市,2,44.0,0,2.0
大分県日田市,2,38.0,0,4.0
福井県敦賀市,2,27.5,0,1.0
神奈川県足柄下郡箱根町,2,29.5,0,3.5
埼玉県児玉郡上里町,2,48.0,0,3.0
埼玉県児玉郡神川町,2,64.5,0,4.5
宮崎県,2,35.0,0,2.5
埼玉県比企郡川島町,2,36.5,0,4.5
山口県山陽小野田市,2,26.5,0,0.5
山口県岩国市,2,41.0,0,1.5
奈良県宇陀市,2,57.5,0,2.0
奈良県磯城郡川西町,2,42.0,0,1.5
山口県,2,44.5,0,4.0
山口県下関市,2,27.0,0,3.0
岐阜県中津川市,2,57.5,1,2.0
岐阜県加茂郡八百津町,2,48.0,1,1.5
奈良県吉野郡下北山村,2,40.5,0,2.5
沖縄県石垣市,2,44.0,0,4.0
滋賀県愛知郡愛荘町,2,46.0,0,0.5
熊本県合志市,2,26.0,0,3.0
熊本県天草市,2,24.5,0,0.5
山梨県甲斐市,2,37.5,0,2.5
山梨県笛吹市,2,36.5,0,2.0
石川県かほく市,2,41.0,0,3.5
石川県七尾市,2,36.5,0,1.0
石川県小松市,2,42.5,0,3.5
石川県河北郡内灘町,2,41.0,0,3.5
岐阜県土岐市,2,49.0,1,2.0
神奈川県三浦郡葉山町,2,51.0,0,3.0
宮城県名取市,2,30.5,0,4.0
熊本県水俣市,2,45.5,0,3.5
栃木県佐野市,2,66.0,0,6.5
栃木県大田原市,2,49.5,0,5.0
栃木県日光市,2,72.5,0,5.5
栃木県真岡市,2,64.5,0,4.5
石川県河北郡津幡町,2,41.0,0,3.5
石川県能美市,2,42.5,0,3.5
静岡県裾野市,2,54.0,0,3.0
静岡県浜松市中央区,2,44.5,1,1.0
香川県木田郡三木町,2,35.5,0,12.0
高知県,2,44.5,0,4.0
鳥取県,2,45.5,0,4.0
愛知県知多郡東浦町,2,64.5,1,2.0
愛知県知多郡阿久比町,2,49.0,1,2.0
香川県丸亀市,2,38.5,1,9.5
香川県小豆郡小豆島町,2,35.5,0,12.0
長野県小諸市,2,59.5,1,3.0
愛知県海部郡蟹江町,2,48.0,1,1.5
茨城県鹿嶋市,2,46.5,0,5.0
長崎県,2,35.0,0,2.5
長崎県佐世保市,2,56.0,1,2.5
茨城県稲敷市,2,59.0,0,1.5
佐賀県唐津市,2,50.0,0,1.5
茨城県那珂市,2,46.5,0,5.0
長野県佐久市,2,59.5,1,3.0
長崎県対馬市,2,55.5,1,2.5
佐賀県,2,37.5,0,2.5
三重県多気郡多気町,1,30.0,0,1.0
三重県多気郡明和町,1,30.0,0,1.0
三重県度会郡大紀町,1,30.0,0,1.0
三重県度会郡度会町,1,30.0,0,1.0
三重県度会郡玉城町,1,30.0,0,1.0
佐賀県小城市,1,29.0,0,6.0
佐賀県武雄市,1,29.0,0,6.0
佐賀県神埼市,1,29.0,0,1.0
佐賀県神埼郡吉野ヶ里町,1,29.0,0,6.0
佐賀県西松浦郡有田町,1,74.0,0,2.0
長崎県島原市,1,25.0,0,0.0
長崎県松浦市,1,52.0,1,2.0
長崎県大村市,1,52.0,1,2.0
佐賀県三養基郡基山町,1,34.0,0,1.0
佐賀県佐賀市,1,29.0,0,6.0
佐賀県多久市,1,29.0,0,6.0
佐賀県嬉野市,1,29.0,0,6.0
茨城県那珂郡東海村,1,64.0,0,4.0
茨城県高萩市,1,25.0,0,1.0
茨城県龍ケ崎市,1,65.0,0,5.0
長崎県南島原市,1,25.0,0,0.0
茨城県潮来市,1,68.0,0,9.0
茨城県石岡市,1,64.0,0,4.0
長野県大町市,1,64.0,0,4.0
長野県諏訪市,1,29.0,0,6.0
長野県飯田市,1,29.0,0,6.0
青森県三沢市,1,29.0,0,1.0
愛知県弥富市,1,66.0,1,2.0
愛知県新城市,1,53.0,1,3.0
愛知県知多郡武豊町,1,29.0,0,6.0
愛知県碧南市,1,44.0,0,2.0
愛知県蒲郡市,1,29.0,0,6.0
香川県仲多度郡多度津町,1,35.0,1,1.0
高知県香南市,1,42.0,0,2.0
高知県香美市,1,35.0,1,1.0
静岡県熱海市,1,52.0,0,11.0
静岡県田方郡函南町,1,64.0,0,4.0
静岡県藤枝市,1,29.0,0,6.0
静岡県袋井市,1,64.0,0,4.0
静岡県賀茂郡南伊豆町,1,29.0,0,6.0
静岡県賀茂郡東伊豆町,1,64.0,0,3.0
静岡県賀茂郡西伊豆町,1,29.0,0,6.0
静岡県浜松市北区,1,66.0,1,2.0
三重県員弁郡東員町,1,22.0,0,1.0
栃木県矢板市,1,64.0,0,4.0
神奈川県三浦市,1,29.0,0,6.0
神奈川県中郡大磯町,1,29.0,0,6.0
宮城県加美郡加美町,1,29.0,0,0.0
宮城県塩竈市,1,53.0,1,3.0
熊本県菊池市,1,23.0,0,0.0
熊本県菊池郡菊陽町,1,29.0,0,6.0
熊本県葦北郡津奈木町,1,62.0,0,1.0
岐阜県可児郡御嵩町,1,66.0,1,2.0
沖縄県島尻郡伊是名村,1,63.0,0,5.0
沖縄県浦添市,1,29.0,0,6.0
山梨県都留市,1,65.0,0,5.0
岐阜県下呂市,1,74.0,1,8.0
岐阜県加茂郡坂祝町,1,66.0,1,2.0
岐阜県加茂郡白川町,1,66.0,1,2.0
山口県熊毛郡平生町,1,25.0,0,0.0
山口県熊毛郡田布施町,1,25.0,0,0.0
奈良県宇陀郡御杖村,1,60.0,0,1.0
奈良県高市郡明日香村,1,27.0,0,4.0
奈良県高市郡高取町,1,27.0,0,4.0
山口県下松市,1,29.0,0,6.0
山口県光市,1,29.0,0,6.0
山口県周南市,1,29.0,0,6.0
山口県大島郡周防大島町,1,29.0,0,6.0
宮崎県日南市,1,29.0,0,6.0
宮崎県都城市,1,53.0,0,2.0
富山県南砺市,1,81.0,0,1.0
富山県富山市,1,64.0,0,4.0
富山県射水市,1,29.0,0,6.0
富山県砺波市,1,29.0,0,6.0
富山県高岡市,1,29.0,0,6.0
富山県黒部市,1,29.0,0,6.0
宮城県多賀城市,1,29.0,0,6.0
宮城県宮城郡七ヶ浜町,1,32.0,0,2.0
宮城県宮城郡利府町,1,29.0,0,6.0
宮城県石巻市,1,29.0,0,6.0
宮崎県児湯郡木城町,1,58.0,0,4.0
宮崎県北諸県郡三股町,1,29.0,0,6.0
宮崎県延岡市,1,29.0,0,6.0
埼玉県比企郡小川町,1,68.0,0,9.0
埼玉県比企郡嵐山町,1,29.0,0,6.0
神奈川県高座郡寒川町,1,58.0,1,2.0
福井県三方郡美浜町,1,44.0,0,1.0
福井県勝山市,1,56.0,0,4.0
福井県大野市,1,56.0,0,4.0
埼玉県北葛飾郡杉戸町,1,62.0,0,1.0
埼玉県北足立郡伊奈町,1,44.0,0,3.0
埼玉県坂戸市,1,68.0,0,9.0
埼玉県大里郡寄居町,1,64.0,0,4.0
埼玉県幸手市,1,62.0,0,1.0
大分県別府市,1,67.0,1,2.0
大分県速見郡日出町,1,67.0,1,2.0
神奈川県足柄下郡湯河原町,1,44.0,0,3.0
広島県東広島市,1,29.0,0,0.0
広島県竹原市,1,31.0,0,1.0
徳島県,1,48.0,0,3.0
山梨県上野原市,1,30.0,0,1.0
山梨県中央市,1,43.0,0,3.0
山梨県北杜市,1,43.0,0,3.0
山梨県南アルプス市,1,43.0,0,3.0
山梨県南巨摩郡身延町,1,48.0,0,3.0
山梨県南都留郡富士河口湖町,1,53.0,1,3.0
山梨県山梨市,1,43.0,0,3.0
山梨県甲州市,1,43.0,0,3.0
山口県萩市,1,29.0,0,6.0
山口県防府市,1,29.0,0,6.0
山形県上山市,1,32.0,0,2.0
山形県寒河江市,1,25.0,0,1.0
山形県西村山郡大江町,1,29.0,0,6.0
山形県鶴岡市,1,74.0,0,1.0
栃木県那須烏山市,1,64.0,0,4.0
沖縄県中頭郡北谷町,1,39.0,0,2.0
沖縄県国頭郡宜野座村,1,39.0,0,2.0
沖縄県国頭郡本部町,1,29.0,0,6.0
沖縄県宮古島市,1,29.0,0,6.0
岡山県高梁市,1,29.0,0,6.0
大阪府阪南市,1,43.0,0,5.0
埼玉県行田市,1,68.0,0,9.0
千葉県富津市,1,26.0,0,1.0
千葉県山武郡九十九里町,1,64.0,0,4.0
千葉県山武郡横芝光町,1,32.0,0,2.0
千葉県旭市,1,44.0,0,3.0
和歌山県東牟婁郡串本町,1,29.0,0,6.0
和歌山県田辺市,1,26.0,1,2.0
和歌山県西牟婁郡白浜町,1,45.0,0,2.0
千葉県印旛郡酒々井町,1,31.0,0,2.0
千葉県君津市,1,25.0,0,1.0
福岡県大牟田市,1,23.0,0,0.0
福岡県朝倉郡筑前町,1,29.0,0,6.0
千葉県銚子市,1,64.0,0,4.0
千葉県長生郡一宮町,1,32.0,0,2.0
和歌山県伊都郡かつらぎ町,1,32.0,0,2.0
福井県鯖江市,1,29.0,0,6.0
福岡県うきは市,1,26.0,0,1.0
福岡県北九州市小倉南区,1,29.0,0,6.0
福岡県北九州市若松区,1,29.0,0,6.0
北海道札幌市清田区,1,29.0,0,6.0
北海道札幌市白石区,1,45.0,0,2.0
北海道河東郡音更町,1,29.0,0,6.0
北海道苫小牧市,1,32.0,0,2.0
北海道虻田郡倶知安町,1,29.0,0,6.0
北海道野付郡別海町,1,29.0,0,6.0
北海道釧路市,1,63.0,1,4.0
福島県西白河郡矢吹町,1,77.0,0,2.0
兵庫県赤穂市,1,25.0,0,0.0
北海道二海郡八雲町,1,29.0,0,6.0
北海道千歳市,1,29.0,0,6.0
北海道札幌市厚別区,1,29.0,0,6.0
福岡県豊前市,1,47.0,0,2.0
福岡県遠賀郡岡垣町,1,29.0,0,6.0
福岡県遠賀郡遠賀町,1,29.0,0,6.0
福岡県飯塚市,1,59.0,0,3.0
福島県いわき市,1,64.0,0,4.0
福島県伊達市,1,69.0,0,3.0
福島県会津若松市,1,77.0,0,2.0
福岡県筑後市,1,23.0,0,0.0
福岡県筑紫郡那珂川町,1,29.0,0,6.0
新潟県三条市,1,64.0,0,4.0
新潟県上越市,1,25.0,0,0.0
新潟県五泉市,1,29.0,0,6.0
新潟県佐渡市,1,64.0,0,4.0
岡山県小田郡矢掛町,1,49.0,0,3.0
岡山県岡山市中区,1,29.0,0,6.0
岡山県岡山市東区,1,29.0,0,6.0
岡山県浅口市,1,49.0,0,3.0
岡山県浅口郡里庄町,1,49.0,0,3.0
岡山県笠岡市,1,25.0,0,0.0
岐阜県揖斐郡池田町,1,32.0,0,2.0
岐阜県本巣市,1,66.0,1,2.0
岐阜県美濃市,1,53.0,1,3.0
岐阜県羽島郡笠松町,1,26.0,0,0.0
岡山県井原市,1,49.0,0,3.0
岡山県備前市,1,64.0,0,4.0
徳島県阿南市,1,36.0,0,5.0
東京都武蔵村山市,1,77.0,0,2.0
東京都神津島村,1,30.0,0,1.0
東京都稲城市,1,29.0,0,6.0
広島県安芸高田市,1,29.0,0,0.0
福岡県築上郡築上町,1,62.0,0,2.0
福岡県糟屋郡新宮町,1,29.0,0,6.0
兵庫県相生市,1,76.0,0,3.0
茨城県坂東市,1,32.0,0,2.0
茨城県常陸大宮市,1,65.0,0,5.0
茨城県常陸太田市,1,64.0,0,4.0
佐賀県鹿島市,1,29.0,0,6.0
兵庫県南あわじ市,1,64.0,0,3.0
兵庫県宍粟市,1,76.0,0,3.0
群馬県北群馬郡吉岡町,1,64.0,0,4.0
群馬県北群馬郡榛東村,1,64.0,0,4.0
群馬県富岡市,1,64.0,0,4.0
群馬県沼田市,1,64.0,0,4.0
群馬県邑楽郡邑楽町,1,48.0,0,3.0
茨城県つくばみらい市,1,77.0,0,2.0
秋田県仙北郡美郷町,1,54.0,0,0.0
秋田県大仙市,1,29.0,0,6.0
茨城県笠間市,1,68.0,0,9.0
茨城県行方市,1,29.0,0,6.0
岩手県久慈市,1,65.0,0,5.0
岩手県北上市,1,32.0,0,2.0
岩手県花巻市,1,77.0,0,2.0
広島県三原市,1,59.0,0,2.0
広島県三次市,1,55.0,0,1.0
広島県大竹市,1,30.0,0,1.0
広島県安芸郡坂町,1,30.0,0,1.0
愛媛県四国中央市,1,35.0,1,1.0
愛媛県新居浜市,1,29.0,0,6.0
愛媛県西条市,1,65.0,0,2.0
愛知県丹羽郡大口町,1,68.0,0,2.0
新潟県南魚沼市,1,64.0,0,4.0
新潟県妙高市,1,64.0,0,4.0
新潟県新潟市北区,1,64.0,0,4.0
新潟県新潟市秋葉区,1,29.0,0,6.0
新潟県新発田市,1,32.0,0,2.0
新潟県村上市,1,64.0,0,4.0
新潟県長岡市,1,70.0,0,2.0
秋田県大館市,1,29.0,0,6.0
秋田県秋田市,1,32.0,0,2.0
秋田県能代市,1,29.0,0,6.0
秋田県雄勝郡羽後町,1,29.0,0,6.0
群馬県みどり市,1,69.0,0,2.0
鹿児島県奄美市,1,50.0,0,0.0
鹿児島県指宿市,1,25.0,0,0.0
鹿児島県肝属郡錦江町,1,53.0,1,3.0
三重県鳥羽市,1,30.0,0,1.0
静岡県御前崎市,1,25.0,0,1.0
静岡県御殿場市,1,68.0,0,2.0
三重県伊勢市,1,30.0,0,1.0
鹿児島県いちき串木野市,1,34.0,0,2.0
鹿児島県出水市,1,62.0,0,1.0
鹿児島県南九州市,1,34.0,0,2.0
青森県上北郡東北町,1,32.0,0,2.0
青森県青森市,1,65.0,0,5.0
青森県黒石市,1,65.0,0,5.0
静岡県三島市,1,29.0,0,6.0
静岡県伊豆の国市,1,64.0,0,4.0
静岡県島田市,1,29.0,0,6.0
長野県北佐久郡軽井沢町,1,29.0,0,6.0
長野県千曲市,1,64.0,0,4.0
長野県塩尻市,1,64.0,0,1.0
静岡県浜松市浜北区,1,46.0,0,1.0
三重県北牟婁郡紀北町,1,30.0,0,1.0
鹿児島県鹿屋市,1,28.0,0,0.0
静岡県湖西市,1,66.0,1,2.0
静岡県焼津市,1,64.0,0,4.0
